a_hood,b_hood,a_scale,b_scale
Aalsmeerwegbuurt Oost,Schinkelbuurt Noord,2,2
Aalsmeerwegbuurt Oost,Legmeerpleinbuurt,2,2
Aalsmeerwegbuurt Oost,Aalsmeerwegbuurt West,2,2
Aalsmeerwegbuurt West,Legmeerpleinbuurt,2,2
Aalsmeerwegbuurt West,Aalsmeerwegbuurt Oost,2,2
Afrikahaven,De Heining,1,1
Afrikahaven,Amerikahaven,1,1
Alfa-driehoek,Vervoerscentrum,1,1
Alfa-driehoek,Teleport,1,1
Alfa-driehoek,Sloterdijk II,1,1
Alfa-driehoek,Sloterdijk I,1,1
Alfa-driehoek,Overbraker Binnenpolder,1,1
Alfa-driehoek,Coenhaven/Mercuriushaven,1,1
AMC,Reigersbos Zuid,1,1
AMC,Reigersbos Noord,1,1
AMC,Reigersbos Midden,1,1
AMC,Holendrecht West,1,1
AMC,Hoge Dijk,1,1
AMC,Amstel III deel C/D Zuid,1,1
AMC,Amstel III deel A/B Zuid,1,1
Amerikahaven,Westhaven Noord,1,1
Amerikahaven,Sloterdijk III West,1,1
Amerikahaven,De Heining,1,1
Amerikahaven,Afrikahaven,1,1
Amstelglorie,Zorgvlied,1,1
Amstelglorie,Rijnbuurt Midden,1,1
Amstelglorie,Overamstel,1,1
Amstelglorie,Amstel I Zuid,1,1
Amstel III deel A/B Noord,Hoptille,1,1
Amstel III deel A/B Noord,Hoofdcentrum Zuidoost,1,1
Amstel III deel A/B Noord,Holendrecht West,1,1
Amstel III deel A/B Noord,Hakfort/Huigenbos,1,1
Amstel III deel A/B Noord,Amsterdamse Poort,1,1
Amstel III deel A/B Noord,Amstel III deel C/D Zuid,1,1
Amstel III deel A/B Noord,Amstel III deel C/D Noord,1,1
Amstel III deel A/B Noord,Amstel III deel A/B Zuid,1,1
Amstel III deel A/B Zuid,Reigersbos Noord,1,1
Amstel III deel A/B Zuid,Holendrecht West,1,1
Amstel III deel A/B Zuid,Hakfort/Huigenbos,1,1
Amstel III deel A/B Zuid,Amstel III deel C/D Zuid,1,1
Amstel III deel A/B Zuid,Amstel III deel C/D Noord,1,1
Amstel III deel A/B Zuid,Amstel III deel A/B Noord,1,1
Amstel III deel A/B Zuid,AMC,1,1
Amstel III deel C/D Noord,Hoofdcentrum Zuidoost,1,1
Amstel III deel C/D Noord,Amstel III deel C/D Zuid,1,1
Amstel III deel C/D Noord,Amstel III deel A/B Zuid,1,1
Amstel III deel C/D Noord,Amstel III deel A/B Noord,1,1
Amstel III deel C/D Zuid,Hoge Dijk,1,1
Amstel III deel C/D Zuid,Amstel III deel C/D Noord,1,1
Amstel III deel C/D Zuid,Amstel III deel A/B Zuid,1,1
Amstel III deel C/D Zuid,Amstel III deel A/B Noord,1,1
Amstel III deel C/D Zuid,AMC,1,1
Amstel I Noord,Rijnbuurt Oost,2,2
Amstel I Zuid,Weespertrekvaart,1,1
Amstel I Zuid,Amstelglorie,1,1
Amstelpark,Zorgvlied,1,1
Amstelpark,Vivaldi,1,1
Amstelpark,Veluwebuurt,1,1
Amstelpark,RAI,1,1
Amstelpark,Overamstel,1,1
Amstelpark,De Klenckebuurt,1,1
Amstelpark,Buitenveldert Zuidoost,1,1
Amstelpark,Buitenveldert Oost Midden,1,1
Amstelveldbuurt,Weteringbuurt,1,1
Amstelveldbuurt,Weesperbuurt,1,1
Amstelveldbuurt,Van Loonbuurt,1,1
Amstelveldbuurt,Utrechtsebuurt Zuid,1,1
Amstelveldbuurt,Rembrandtpleinbuurt,1,1
Amsterdamse Bos,Zuiderhof,1,1
Amsterdamse Bos,Riekerhaven,1,1
Amsterdamse Bos,Nieuwe Meer,1,1
Amsterdamse Bos,Buitenveldert Zuidwest,1,1
Amsterdamse Bos,Buitenveldert West Midden,1,1
Amsterdamse Bos,Bedrijventerrein Schinkel,1,1
Amsterdamse Poort,Vogeltjeswei,1,1
Amsterdamse Poort,Venserpolder West,1,1
Amsterdamse Poort,Rechte H-buurt,1,1
Amsterdamse Poort,Hoptille,1,1
Amsterdamse Poort,Hoofdcentrum Zuidoost,1,1
Amsterdamse Poort,F-buurt,1,1
Amsterdamse Poort,D-buurt,1,1
Amsterdamse Poort,Bijlmerpark West,1,1
Amsterdamse Poort,Amstel III deel A/B Noord,1,1
Andreasterrein,Westlandgrachtbuurt,1,1
Andreasterrein,Rembrandtpark Zuid,1,1
Andreasterrein,Koningin Wilhelminaplein,1,1
Andreasterrein,Delflandpleinbuurt Oost,1,1
Architectenbuurt,Borneo,1,1
Architectenbuurt,Bedrijvengebied Zeeburgerkade,1,1
Architectenbuurt,Bedrijvengebied Veelaan,1,1
Architectenbuurt,Bedrijvengebied Cruquiusweg,1,1
Balboaplein e.o.,Van Brakelkwartier,2,2
Balboaplein e.o.,Pieter van der Doesbuurt,2,2
Balboaplein e.o.,Orteliusbuurt Zuid,2,2
Balboaplein e.o.,Orteliusbuurt Noord,2,2
Balboaplein e.o.,Orteliusbuurt Midden,2,2
Balboaplein e.o.,Jan Maijenbuurt,2,2
Balboaplein e.o.,Columbusplein e.o.,2,2
Banne Noordoost,Jeugdland,1,1
Banne Noordoost,Buikslotermeer Noord,1,1
Banne Noordoost,Banne Zuidoost,1,1
Banne Noordoost,Banne Noordwest,1,1
Banne Noordwest,Kadoelen,1,1
Banne Noordwest,Banne Zuidwest,1,1
Banne Noordwest,Banne Zuidoost,1,1
Banne Noordwest,Banne Noordoost,1,1
Banne Zuidoost,Jeugdland,1,1
Banne Zuidoost,Buiksloterbreek,1,1
Banne Zuidoost,Banne Zuidwest,1,1
Banne Zuidoost,Banne Noordwest,1,1
Banne Zuidoost,Banne Noordoost,1,1
Banne Zuidwest,Kadoelen,1,1
Banne Zuidwest,De Bongerd,1,1
Banne Zuidwest,Buiksloterbreek,1,1
Banne Zuidwest,Banne Zuidoost,1,1
Banne Zuidwest,Banne Noordwest,1,1
Banpleinbuurt,Valeriusbuurt Oost,1,1
Banpleinbuurt,Cornelis Schuytbuurt,1,1
Beatrixpark,Zuidas Noord,1,1
Beatrixpark,RAI,1,1
Bedrijvencentrum Osdorp,Osdorper Bovenpolder,1,1
Bedrijvencentrum Osdorp,De Punt,1,1
Bedrijvencentrum Westerkwartier,Sloterdijk,1,1
Bedrijvencentrum Westerkwartier,Markthallen,1,1
Bedrijvencentrum Westerkwartier,Bedrijventerrein Landlust,1,1
Bedrijvengebied Cruquiusweg,Zeeburgereiland Zuidwest,1,1
Bedrijvengebied Cruquiusweg,Zeeburgereiland Noordwest,1,1
Bedrijvengebied Cruquiusweg,Sporenburg,1,1
Bedrijvengebied Cruquiusweg,Borneo,1,1
Bedrijvengebied Cruquiusweg,Bedrijvengebied Zeeburgerkade,1,1
Bedrijvengebied Cruquiusweg,Architectenbuurt,1,1
Bedrijvengebied Veelaan,Bedrijvengebied Zeeburgerkade,1,1
Bedrijvengebied Veelaan,Architectenbuurt,1,1
Bedrijvengebied Zeeburgerkade,Noordwestkwadrant Indische buurt Noord,1,1
Bedrijvengebied Zeeburgerkade,Het Funen,1,1
Bedrijvengebied Zeeburgerkade,Bedrijvengebied Veelaan,1,1
Bedrijvengebied Zeeburgerkade,Bedrijvengebied Cruquiusweg,1,1
Bedrijvengebied Zeeburgerkade,Architectenbuurt,1,1
Bedrijventerrein Landlust,Sloterdijk,1,1
Bedrijventerrein Landlust,Markthallen,1,1
Bedrijventerrein Landlust,Bedrijvencentrum Westerkwartier,1,1
Bedrijventerrein Nieuwendammerdijk,Schellingwoude West,1,1
Bedrijventerrein Nieuwendammerdijk,Schellingwoude Oost,1,1
Bedrijventerrein Nieuwendammerdijk,KNSM-eiland,1,1
Bedrijventerrein Schinkel,Schinkelbuurt Zuid,1,1
Bedrijventerrein Schinkel,Riekerhaven,1,1
Bedrijventerrein Schinkel,Delflandpleinbuurt Oost,1,1
Bedrijventerrein Schinkel,Amsterdamse Bos,1,1
Beethovenbuurt,Minervabuurt Zuid,2,2
Beethovenbuurt,Minervabuurt Noord,2,2
Beethovenbuurt,Hondecoeterbuurt,2,2
Beethovenbuurt,Hiltonbuurt,2,2
Beethovenbuurt,Harmoniehofbuurt,2,2
Beethovenbuurt,Diepenbrockbuurt,2,2
Begijnhofbuurt,Spuistraat Zuid,3,3
Begijnhofbuurt,Kalverdriehoek,3,3
Bellamybuurt Noord,Frederik Hendrikbuurt Zuidwest,1,1
Bellamybuurt Noord,Bellamybuurt Zuid,1,1
Bellamybuurt Zuid,Lootsbuurt,1,1
Bellamybuurt Zuid,Da Costabuurt Zuid,1,1
Bellamybuurt Zuid,Bellamybuurt Noord,1,1
Bertelmanpleinbuurt,Valeriusbuurt West,1,1
Bertelmanpleinbuurt,Schinkelbuurt Zuid,1,1
Bertelmanpleinbuurt,Olympisch Stadion e.o.,1,1
Bertelmanpleinbuurt,Marathonbuurt West,1,1
Betondorp,Weespertrekvaart,1,1
Betondorp,Sportpark Middenmeer Zuid,1,1
Betondorp,Park de Meer,1,1
Betondorp,Nieuwe Oosterbegraafplaats,1,1
Betondorp,Drieburg,1,1
Bijlmermuseum Noord,Kortvoort,1,1
Bijlmermuseum Noord,Grunder/Koningshoef,1,1
Bijlmermuseum Noord,G-buurt West,1,1
Bijlmerpark Oost,Vogeltjeswei,1,1
Bijlmerpark Oost,L-buurt,1,1
Bijlmerpark Oost,Kortvoort,1,1
Bijlmerpark Oost,Kelbergen,1,1
Bijlmerpark Oost,Holendrecht Oost,1,1
Bijlmerpark Oost,G-buurt West,1,1
Bijlmerpark Oost,Bijlmerpark West,1,1
Bijlmerpark West,Vogeltjeswei,1,1
Bijlmerpark West,Rechte H-buurt,1,1
Bijlmerpark West,L-buurt,1,1
Bijlmerpark West,Huntum,1,1
Bijlmerpark West,Holendrecht Oost,1,1
Bijlmerpark West,G-buurt West,1,1
Bijlmerpark West,Bijlmerpark Oost,1,1
Bijlmerpark West,Amsterdamse Poort,1,1
Blauwe Zand,Rode Kruisbuurt,2,2
Bloemenbuurt Noord,Vogelbuurt Noord,1,1
Bloemenbuurt Noord,Papaverweg e.o.,1,1
Bloemenbuurt Noord,Buiksloterbreek,1,1
Bloemenbuurt Zuid,Vogelbuurt Zuid,2,2
Bloemenbuurt Zuid,Van der Pekbuurt,2,2
Bloemgrachtbuurt,Zaagpoortbuurt,2,2
Borgerbuurt,De Costabuurt Noord,2,2
Borgerbuurt,Cremerbuurt Oost,2,2
Borneo,Sporenburg,1,1
Borneo,Bedrijvengebied Cruquiusweg,1,1
Borneo,Architectenbuurt,1,1
Bosleeuw,Poolbuurt West,2,2
Bosleeuw,Landlust,2,2
Bosleeuw,Erasmusparkbuurt Oost,2,2
Bretten Oost,Teleport,1,1
Bretten Oost,Sloterdijk III Oost,1,1
Bretten Oost,Sloterdijk II,1,1
Bretten Oost,Eendrachtspark,1,1
Bretten Oost,Buurt 9,1,1
Bretten Oost,Buurt 4 Oost,1,1
Bretten Oost,Buurt 3,1,1
Bretten Oost,Bretten West,1,1
Bretten West,Sloterdijk III West,1,1
Bretten West,Sloterdijk III Oost,1,1
Bretten West,Osdorper Binnenpolder,1,1
Bretten West,De Heining,1,1
Bretten West,Buurt 9,1,1
Bretten West,Bretten Oost,1,1
Buiksloterbreek,Terrasdorp,1,1
Buiksloterbreek,Papaverweg e.o.,1,1
Buiksloterbreek,De Bongerd,1,1
Buiksloterbreek,Bloemenbuurt Noord,1,1
Buiksloterbreek,Banne Zuidwest,1,1
Buiksloterbreek,Banne Zuidoost,1,1
Buiksloterdijk Oost,Nieuwendammerdijk West,3,3
Buiksloterdijk Oost,Buiksloterdijk West,3,3
Buiksloterdijk West,Buiksloterdijk Oost,3,3
Buiksloterham,Papaverweg e.o.,1,1
Buiksloterham,Overhoeks,1,1
Buiksloterham,Houthavens Oost,1,1
Buiksloterham,Cornelis Douwesterrein,1,1
Buikslotermeer Noord,Zunderdorp,1,1
Buikslotermeer Noord,Nieuwendam Noordwest Noord,1,1
Buikslotermeer Noord,Markengouw Noord,1,1
Buikslotermeer Noord,Markengouw Midden,1,1
Buikslotermeer Noord,Jeugdland,1,1
Buikslotermeer Noord,De Weeren,1,1
Buikslotermeer Noord,Banne Noordoost,1,1
Buikslotermeerpleinbuurt,Werengouw Noord,1,1
Buikslotermeerpleinbuurt,Tuindorp Nieuwendam West,1,1
Buikslotermeerpleinbuurt,Nieuwendam Noordwest Zuid,1,1
Buikslotermeerpleinbuurt,Nieuwendam Noordwest Noord,1,1
Buikslotermeerpleinbuurt,Markengouw Noord,1,1
Buitenveldert Oost Midden,Gelderlandpleinbuurt,1,1
Buitenveldert Oost Midden,De Klenckebuurt,1,1
Buitenveldert Oost Midden,Buitenveldert Zuidoost,1,1
Buitenveldert Oost Midden,Amstelpark,1,1
Buitenveldert West Midden,Zuiderhof,1,1
Buitenveldert West Midden,VU-kwartier,1,1
Buitenveldert West Midden,Gelderlandpleinbuurt,1,1
Buitenveldert West Midden,Buitenveldert Zuidwest,1,1
Buitenveldert West Midden,Amsterdamse Bos,1,1
Buitenveldert Zuidoost,Gelderlandpleinbuurt,1,1
Buitenveldert Zuidoost,Buitenveldert Oost Midden,1,1
Buitenveldert Zuidoost,Amstelpark,1,1
Buitenveldert Zuidwest,Gelderlandpleinbuurt,1,1
Buitenveldert Zuidwest,Buitenveldert West Midden,1,1
Buitenveldert Zuidwest,Amsterdamse Bos,1,1
Burgemeester Tellegenbuurt Oost,Willibrordusbuurt,1,1
Burgemeester Tellegenbuurt Oost,Van der Helstpleinbuurt,1,1
Burgemeester Tellegenbuurt Oost,Diamantbuurt,1,1
Burgemeester Tellegenbuurt Oost,Burgemeester Tellegenbuurt West,1,1
Burgemeester Tellegenbuurt West,Van der Helstpleinbuurt,1,1
Burgemeester Tellegenbuurt West,Burgemeester Tellegenbuurt Oost,1,1
Burgwallen Oost,Oude Kerk e.o.,1,1
Burgwallen Oost,Nieuwmarkt,1,1
Burgwallen Oost,Nes e.o.,1,1
Burgwallen Oost,Kop Zeedijk,1,1
Buurt 2,Sportparkstad,2,2
Buurt 2,Slotermeer Zuid,2,2
Buurt 3,Teleport,1,1
Buurt 3,Kolenkitbuurt Zuid,1,1
Buurt 3,Kolenkitbuurt Noord,1,1
Buurt 3,Buurt 4 Oost,1,1
Buurt 3,Bretten Oost,1,1
Buurt 4 Oost,Eendrachtspark,1,1
Buurt 4 Oost,Buurt 9,1,1
Buurt 4 Oost,Buurt 8,1,1
Buurt 4 Oost,Buurt 5 Noord,1,1
Buurt 4 Oost,Buurt 3,1,1
Buurt 4 Oost,Bretten Oost,1,1
Buurt 5 Noord,Buurt 8,1,1
Buurt 5 Noord,Buurt 6,1,1
Buurt 5 Noord,Buurt 5 Zuid,1,1
Buurt 5 Noord,Buurt 4 Oost,1,1
Buurt 5 Zuid,Buurt 8,1,1
Buurt 5 Zuid,Buurt 6,1,1
Buurt 5 Zuid,Buurt 5 Noord,1,1
Buurt 6,Ookmeer,1,1
Buurt 6,Buurt 8,1,1
Buurt 6,Buurt 7,1,1
Buurt 6,Buurt 5 Zuid,1,1
Buurt 6,Buurt 5 Noord,1,1
Buurt 7,Osdorper Bovenpolder,1,1
Buurt 7,Osdorper Binnenpolder,1,1
Buurt 7,Ookmeer,1,1
Buurt 7,Buurt 9,1,1
Buurt 7,Buurt 8,1,1
Buurt 7,Buurt 6,1,1
Buurt 8,Eendrachtspark,1,1
Buurt 8,Buurt 9,1,1
Buurt 8,Buurt 7,1,1
Buurt 8,Buurt 6,1,1
Buurt 8,Buurt 5 Zuid,1,1
Buurt 8,Buurt 5 Noord,1,1
Buurt 8,Buurt 4 Oost,1,1
Buurt 9,Eendrachtspark,1,1
Buurt 9,Buurt 8,1,1
Buurt 9,Buurt 7,1,1
Buurt 9,Buurt 4 Oost,1,1
Buurt 9,Bretten West,1,1
Buurt 9,Bretten Oost,1,1
Buyskade e.o.,Westerstaatsman,2,2
Buyskade e.o.,Frederik Hendrikbuurt Noord,2,2
Buyskade e.o.,Fannius Scholtenbuurt,2,2
Calandlaan/Lelylaan,Osdorp Zuidoost,1,1
Calandlaan/Lelylaan,Osdorpplein e.o.,1,1
Calandlaan/Lelylaan,Louis Chrispijnbuurt,1,1
Calandlaan/Lelylaan,Emanuel van Meterenbuurt,1,1
Centrumeiland,Haveneiland Oost,1,1
Centrumeiland,Haveneiland Noordwest,1,1
Centrumeiland,Haveneiland Noord,1,1
Coenhaven/Mercuriushaven,Vervoerscentrum,1,1
Coenhaven/Mercuriushaven,Petroleumhaven,1,1
Coenhaven/Mercuriushaven,Overbraker Binnenpolder,1,1
Coenhaven/Mercuriushaven,Noorder IJplas,1,1
Coenhaven/Mercuriushaven,Houthavens West,1,1
Coenhaven/Mercuriushaven,Cornelis Douwesterrein,1,1
Coenhaven/Mercuriushaven,Alfa-driehoek,1,1
Columbusplein e.o.,Van Brakelkwartier,2,2
Columbusplein e.o.,Postjeskade e.o.,2,2
Columbusplein e.o.,Paramariboplein e.o.,2,2
Columbusplein e.o.,Orteliusbuurt Zuid,2,2
Columbusplein e.o.,Orteliusbuurt Midden,2,2
Columbusplein e.o.,Balboaplein e.o.,2,2
Concertgebouwbuurt,Vondelpark Oost,2,2
Concertgebouwbuurt,Museumplein,2,2
Concertgebouwbuurt,Johannnes Vermeerbuurt,2,2
Concertgebouwbuurt,Hondecoeterbuurt,2,2
Cornelis Douwesterrein,Tuindorp Oostzaan West,1,1
Cornelis Douwesterrein,Tuindorp Oostzaan Oost,1,1
Cornelis Douwesterrein,Terrasdorp,1,1
Cornelis Douwesterrein,Petroleumhaven,1,1
Cornelis Douwesterrein,Papaverweg e.o.,1,1
Cornelis Douwesterrein,Oostzanerdijk,1,1
Cornelis Douwesterrein,Noorder IJplas,1,1
Cornelis Douwesterrein,Houthavens West,1,1
Cornelis Douwesterrein,Houthavens Oost,1,1
Cornelis Douwesterrein,Coenhaven/Mercuriushaven,1,1
Cornelis Douwesterrein,Buiksloterham,1,1
Cornelis Schuytbuurt,Vondelpark West,1,1
Cornelis Schuytbuurt,Valeriusbuurt Oost,1,1
Cornelis Schuytbuurt,Banpleinbuurt,1,1
Cornelis Troostbuurt,Wielingenbuurt,2,2
Cornelis Troostbuurt,Scheldebuurt West,2,2
Cornelis Troostbuurt,Lizzy Ansinghbuurt,2,2
Cornelis Troostbuurt,Hercules Seghersbuurt,2,2
Cornelis Troostbuurt,Harmoniehofbuurt,2,2
Cornelis Troostbuurt,Duivelseiland,2,2
Cornelis Troostbuurt,Diepenbrockbuurt,2,2
Cremerbuurt Oost,Borgerbuurt,2,2
Cremerbuurt West,Vondelparkbuurt Midden,1,1
Cremerbuurt West,Lootsbuurt,1,1
Czaar Peterbuurt,Rietlanden,2,2
Czaar Peterbuurt,Kazernebuurt,2,2
Czaar Peterbuurt,Entrepot-Noordwest,2,2
Da Costabuurt Zuid,WG terrein,1,1
Da Costabuurt Zuid,Helmersbuurt Oost,1,1
Da Costabuurt Zuid,Bellamybuurt Zuid,1,1
Dapperbuurt Noord,Plantage,2,2
Dapperbuurt Noord,Kazernebuurt,2,2
Dapperbuurt Noord,Dapperbuurt Zuid,2,2
Dapperbuurt Zuid,Dapperbuurt Noord,2,2
D-buurt,Venserpolder West,1,1
D-buurt,Venserpolder Oost,1,1
D-buurt,G-buurt West,1,1
D-buurt,F-buurt,1,1
D-buurt,Amsterdamse Poort,1,1
De Aker Oost,Middelveldsche Akerpolder,1,1
De Aker Oost,De Punt,1,1
De Aker Oost,De Aker West,1,1
De Aker West,Middelveldsche Akerpolder,1,1
De Aker West,De Aker Oost,1,1
De Bongerd,Terrasdorp,1,1
De Bongerd,Papaverweg e.o.,1,1
De Bongerd,Kadoelen,1,1
De Bongerd,Buiksloterbreek,1,1
De Bongerd,Banne Zuidwest,1,1
De Costabuurt Noord,Marnixbuurt Zuid,2,2
De Costabuurt Noord,Borgerbuurt,2,2
De Eenhoorn,Van der Kunbuurt,2,2
De Eenhoorn,Julianapark,2,2
De Eenhoorn,Frankendael,2,2
De Eenhoorn,Don Bosco,2,2
De Heining,Sloterdijk III West,1,1
De Heining,Bretten West,1,1
De Heining,Amerikahaven,1,1
De Heining,Afrikahaven,1,1
De Klenckebuurt,Vivaldi,1,1
De Klenckebuurt,Gelderlandpleinbuurt,1,1
De Klenckebuurt,Buitenveldert Oost Midden,1,1
De Klenckebuurt,Amstelpark,1,1
Delflandpleinbuurt Oost,Westlandgrachtbuurt,1,1
Delflandpleinbuurt Oost,Riekerhaven,1,1
Delflandpleinbuurt Oost,Koningin Wilhelminaplein,1,1
Delflandpleinbuurt Oost,Bedrijventerrein Schinkel,1,1
Delflandpleinbuurt Oost,Andreasterrein,1,1
Delflandpleinbuurt West,Staalmanpleinbuurt,2,2
Den Texbuurt,Leidsebuurt Zuidoost,3,3
De Omval,Weespertrekvaart,1,1
De Punt,Middelveldsche Akerpolder,1,1
De Punt,De Aker Oost,1,1
De Punt,Bedrijvencentrum Osdorp,1,1
De Weeren,Zwarte Gouw,1,1
De Weeren,Zunderdorp,1,1
De Weeren,Schellingwoude Oost,1,1
De Weeren,Schellingwoude Noord,1,1
De Weeren,Markengouw Zuid,1,1
De Weeren,Markengouw Midden,1,1
De Weeren,Buikslotermeer Noord,1,1
De Wester Quartier,Van Brakelkwartier,2,2
De Wetbuurt,Weespertrekvaart,1,1
De Wetbuurt,Nieuwe Oosterbegraafplaats,1,1
De Wetbuurt,Drieburg,1,1
De Wittenbuurt Noord,Staatsliedenbuurt Noordoost,3,3
Diamantbuurt,Willibrordusbuurt,1,1
Diamantbuurt,Weesperzijde Midden/Zuid,1,1
Diamantbuurt,Van der Helstpleinbuurt,1,1
Diamantbuurt,IJsselbuurt Oost,1,1
Diamantbuurt,Burgemeester Tellegenbuurt Oost,1,1
Diepenbrockbuurt,Wielingenbuurt,2,2
Diepenbrockbuurt,Prinses Irenebuurt,2,2
Diepenbrockbuurt,Minervabuurt Zuid,2,2
Diepenbrockbuurt,Harmoniehofbuurt,2,2
Diepenbrockbuurt,Cornelis Troostbuurt,2,2
Diepenbrockbuurt,Beethovenbuurt,2,2
Don Bosco,Linnaeusparkbuurt,2,2
Don Bosco,Frankendael,2,2
Don Bosco,De Eenhoorn,2,2
Dorp Driemond,Landelijk gebied Driemond,1,1
Dorp Driemond,Gaasperplas,1,1
Dorp Sloten,Zuidwestkwadrant Osdorp Zuid,2,2
Drieburg,Weespertrekvaart,1,1
Drieburg,Nieuwe Oosterbegraafplaats,1,1
Drieburg,De Wetbuurt,1,1
Drieburg,Betondorp,1,1
Duivelseiland,Johannnes Vermeerbuurt,2,2
Duivelseiland,Hondecoeterbuurt,2,2
Duivelseiland,Hercules Seghersbuurt,2,2
Duivelseiland,Harmoniehofbuurt,2,2
Duivelseiland,Cornelis Troostbuurt,2,2
Durgerdam,Zwarte Gouw,1,1
Durgerdam,Zeeburgereiland Noordoost,1,1
Durgerdam,Steigereiland Noord,1,1
Durgerdam,Schellingwoude Oost,1,1
Durgerdam,Ransdorp,1,1
Durgerdam,Holysloot,1,1
Durgerdam,Haveneiland Noordwest,1,1
Eendrachtspark,Buurt 9,1,1
Eendrachtspark,Buurt 8,1,1
Eendrachtspark,Buurt 4 Oost,1,1
Eendrachtspark,Bretten Oost,1,1
Elandsgrachtbuurt,Leliegracht e.o.,1,1
Elandsgrachtbuurt,Felix Meritisbuurt,1,1
Elzenhagen,Rode Kruisbuurt,2,2
Elzenhagen,Loenermark,2,2
Emanuel van Meterenbuurt,Osdorpplein e.o.,1,1
Emanuel van Meterenbuurt,Oostoever Sloterplas,1,1
Emanuel van Meterenbuurt,Louis Chrispijnbuurt,1,1
Emanuel van Meterenbuurt,Jacques Veldmanbuurt,1,1
Emanuel van Meterenbuurt,Jacob Geelbuurt,1,1
Emanuel van Meterenbuurt,Calandlaan/Lelylaan,1,1
Entrepot-Noordwest,Rietlanden,2,2
Entrepot-Noordwest,Czaar Peterbuurt,2,2
Erasmusparkbuurt Oost,Pieter van der Doesbuurt,2,2
Erasmusparkbuurt Oost,Landlust Zuid,2,2
Erasmusparkbuurt Oost,Landlust,2,2
Erasmusparkbuurt Oost,Bosleeuw,2,2
Erasmusparkbuurt West,John Franklinbuurt,1,1
Fannius Scholtenbuurt,Westerstaatsman,2,2
Fannius Scholtenbuurt,Westergasfabriek,2,2
Fannius Scholtenbuurt,Buyskade e.o.,2,2
F-buurt,Vogeltjeswei,1,1
F-buurt,G-buurt West,1,1
F-buurt,D-buurt,1,1
F-buurt,Amsterdamse Poort,1,1
Felix Meritisbuurt,Leliegracht e.o.,1,1
Felix Meritisbuurt,Leidsegracht Noord,1,1
Felix Meritisbuurt,Elandsgrachtbuurt,1,1
Filips van Almondekwartier,John Franklinbuurt,1,1
Flevopark,Zuidoostkwadrant Indische buurt,1,1
Flevopark,Zeeburgereiland Zuidwest,1,1
Flevopark,Science Park Zuid,1,1
Flevopark,Science  Park Noord,1,1
Flevopark,Nieuwe Diep/Diemerpark,1,1
Frankendael,Tuindorp Frankendael,2,2
Frankendael,Middenmeer Zuid,2,2
Frankendael,Linnaeusparkbuurt,2,2
Frankendael,Julianapark,2,2
Frankendael,Don Bosco,2,2
Frankendael,De Eenhoorn,2,2
Frans Halsbuurt,Sarphatiparkbuurt,1,1
Frans Halsbuurt,Gerard Doubuurt,1,1
Frederik Hendrikbuurt Noord,Zaagpoortbuurt,2,2
Frederik Hendrikbuurt Noord,Marnixbuurt Noord,2,2
Frederik Hendrikbuurt Noord,Buyskade e.o.,2,2
Frederik Hendrikbuurt Zuidoost,Marnixbuurt Midden,3,3
Frederik Hendrikbuurt Zuidwest,Markthallen,1,1
Frederik Hendrikbuurt Zuidwest,Marcanti,1,1
Frederik Hendrikbuurt Zuidwest,Bellamybuurt Noord,1,1
Frederikspleinbuurt,Weteringbuurt,1,1
Frederikspleinbuurt,Weesperbuurt,1,1
Frederikspleinbuurt,Utrechtsebuurt Zuid,1,1
Frederikspleinbuurt,Swammerdambuurt,1,1
Frederikspleinbuurt,Sarphatiparkbuurt,1,1
Frederikspleinbuurt,Hemonybuurt,1,1
Frederikspleinbuurt,Gerard Doubuurt,1,1
Gaasperdam Noord,Reigersbos Noord,1,1
Gaasperdam Noord,Reigersbos Midden,1,1
Gaasperdam Noord,L-buurt,1,1
Gaasperdam Noord,Holendrecht Oost,1,1
Gaasperdam Noord,Gein Zuidwest,1,1
Gaasperdam Noord,Gein Noordwest,1,1
Gaasperdam Noord,Gaasperdam Zuid,1,1
Gaasperdam Zuid,Reigersbos Zuid,1,1
Gaasperdam Zuid,Reigersbos Noord,1,1
Gaasperdam Zuid,Reigersbos Midden,1,1
Gaasperdam Zuid,Gein Zuidwest,1,1
Gaasperdam Zuid,Gein Zuidoost,1,1
Gaasperdam Zuid,Gein Noordwest,1,1
Gaasperdam Zuid,Gaasperdam Noord,1,1
Gaasperpark,L-buurt,1,1
Gaasperpark,Landelijk gebied Driemond,1,1
Gaasperpark,K buurt Zuidwest,1,1
Gaasperpark,K-buurt Zuidoost,1,1
Gaasperpark,Kantershof,1,1
Gaasperpark,Gaasperplas,1,1
Gaasperplas,L-buurt,1,1
Gaasperplas,Landelijk gebied Driemond,1,1
Gaasperplas,Gein Noordwest,1,1
Gaasperplas,Gein Noordoost,1,1
Gaasperplas,Gaasperpark,1,1
Gaasperplas,Dorp Driemond,1,1
G-buurt Oost,Kantershof,1,1
G-buurt Oost,Grunder/Koningshoef,1,1
G-buurt Oost,G-buurt West,1,1
G-buurt West,Vogeltjeswei,1,1
G-buurt West,Kortvoort,1,1
G-buurt West,Grunder/Koningshoef,1,1
G-buurt West,G-buurt Oost,1,1
G-buurt West,F-buurt,1,1
G-buurt West,D-buurt,1,1
G-buurt West,Bijlmerpark West,1,1
G-buurt West,Bijlmerpark Oost,1,1
G-buurt West,Bijlmermuseum Noord,1,1
Gein Noordoost,Gein Zuidwest,1,1
Gein Noordoost,Gein Zuidoost,1,1
Gein Noordoost,Gein Noordwest,1,1
Gein Noordoost,Gaasperplas,1,1
Gein Noordwest,L-buurt,1,1
Gein Noordwest,Gein Zuidwest,1,1
Gein Noordwest,Gein Zuidoost,1,1
Gein Noordwest,Gein Noordoost,1,1
Gein Noordwest,Gaasperplas,1,1
Gein Noordwest,Gaasperdam Zuid,1,1
Gein Noordwest,Gaasperdam Noord,1,1
Gein Zuidoost,Reigersbos Zuid,1,1
Gein Zuidoost,Gein Zuidwest,1,1
Gein Zuidoost,Gein Noordwest,1,1
Gein Zuidoost,Gein Noordoost,1,1
Gein Zuidoost,Gaasperdam Zuid,1,1
Gein Zuidwest,Reigersbos Zuid,1,1
Gein Zuidwest,Gein Zuidoost,1,1
Gein Zuidwest,Gein Noordwest,1,1
Gein Zuidwest,Gein Noordoost,1,1
Gein Zuidwest,Gaasperdam Zuid,1,1
Gein Zuidwest,Gaasperdam Noord,1,1
Gelderlandpleinbuurt,VU-kwartier,1,1
Gelderlandpleinbuurt,Vivaldi,1,1
Gelderlandpleinbuurt,De Klenckebuurt,1,1
Gelderlandpleinbuurt,Buitenveldert Zuidwest,1,1
Gelderlandpleinbuurt,Buitenveldert Zuidoost,1,1
Gelderlandpleinbuurt,Buitenveldert West Midden,1,1
Gelderlandpleinbuurt,Buitenveldert Oost Midden,1,1
Gerard Doubuurt,Sarphatiparkbuurt,1,1
Gerard Doubuurt,Frederikspleinbuurt,1,1
Gerard Doubuurt,Frans Halsbuurt,1,1
Geuzenhofbuurt,Landlust Zuid,2,2
Gouden Bocht,Van Loonbuurt,1,1
Gouden Bocht,Spiegelbuurt,1,1
Gouden Bocht,Reguliersbuurt,1,1
Gouden Bocht,Leidsegracht Zuid,1,1
Groenmarktkadebuurt,Marnixbuurt Midden,3,3
Grunder/Koningshoef,K-buurt Midden,1,1
Grunder/Koningshoef,Kantershof,1,1
Grunder/Koningshoef,G-buurt West,1,1
Grunder/Koningshoef,G-buurt Oost,1,1
Grunder/Koningshoef,Bijlmermuseum Noord,1,1
GWL-terrein,Westerstaatsman,2,2
GWL-terrein,Westergasfabriek,2,2
Haarlemmerbuurt West,Westerdokseiland,1,1
Haarlemmerbuurt West,Westelijke eilanden,1,1
Haarlemmerbuurt West,Langestraat e.o.,1,1
Hakfort/Huigenbos,Rechte H-buurt,1,1
Hakfort/Huigenbos,Huntum,1,1
Hakfort/Huigenbos,Hoptille,1,1
Hakfort/Huigenbos,Holendrecht West,1,1
Hakfort/Huigenbos,Holendrecht Oost,1,1
Hakfort/Huigenbos,Amstel III deel A/B Zuid,1,1
Hakfort/Huigenbos,Amstel III deel A/B Noord,1,1
Harmoniehofbuurt,Wielingenbuurt,2,2
Harmoniehofbuurt,Hondecoeterbuurt,2,2
Harmoniehofbuurt,Hiltonbuurt,2,2
Harmoniehofbuurt,Hercules Seghersbuurt,2,2
Harmoniehofbuurt,Duivelseiland,2,2
Harmoniehofbuurt,Diepenbrockbuurt,2,2
Harmoniehofbuurt,Cornelis Troostbuurt,2,2
Harmoniehofbuurt,Beethovenbuurt,2,2
Haveneiland Noord,Haveneiland Zuidwest/Rieteiland West,1,1
Haveneiland Noord,Haveneiland Oost,1,1
Haveneiland Noord,Haveneiland Noordwest,1,1
Haveneiland Noord,Centrumeiland,1,1
Haveneiland Noordwest,Steigereiland Zuid,1,1
Haveneiland Noordwest,Steigereiland Noord,1,1
Haveneiland Noordwest,Haveneiland Zuidwest/Rieteiland West,1,1
Haveneiland Noordwest,Haveneiland Oost,1,1
Haveneiland Noordwest,Haveneiland Noord,1,1
Haveneiland Noordwest,Durgerdam,1,1
Haveneiland Noordwest,Centrumeiland,1,1
Haveneiland Oost,Nieuwe Diep/Diemerpark,1,1
Haveneiland Oost,Haveneiland Zuidwest/Rieteiland West,1,1
Haveneiland Oost,Haveneiland Noordwest,1,1
Haveneiland Oost,Haveneiland Noord,1,1
Haveneiland Oost,Centrumeiland,1,1
Haveneiland Zuidwest/Rieteiland West,Steigereiland Zuid,1,1
Haveneiland Zuidwest/Rieteiland West,Steigereiland Noord,1,1
Haveneiland Zuidwest/Rieteiland West,Nieuwe Diep/Diemerpark,1,1
Haveneiland Zuidwest/Rieteiland West,Haveneiland Oost,1,1
Haveneiland Zuidwest/Rieteiland West,Haveneiland Noordwest,1,1
Haveneiland Zuidwest/Rieteiland West,Haveneiland Noord,1,1
Helmersbuurt Oost,WG terrein,1,1
Helmersbuurt Oost,Da Costabuurt Zuid,1,1
Hemonybuurt,Willibrordusbuurt,1,1
Hemonybuurt,Van der Helstpleinbuurt,1,1
Hemonybuurt,Swammerdambuurt,1,1
Hemonybuurt,Sarphatiparkbuurt,1,1
Hemonybuurt,Frederikspleinbuurt,1,1
Hercules Seghersbuurt,Lizzy Ansinghbuurt,2,2
Hercules Seghersbuurt,Johannnes Vermeerbuurt,2,2
Hercules Seghersbuurt,Harmoniehofbuurt,2,2
Hercules Seghersbuurt,Duivelseiland,2,2
Hercules Seghersbuurt,Cornelis Troostbuurt,2,2
Het Funen,Bedrijvengebied Zeeburgerkade,1,1
Hiltonbuurt,Minervabuurt Noord,2,2
Hiltonbuurt,Marathonbuurt Oost,2,2
Hiltonbuurt,Hondecoeterbuurt,2,2
Hiltonbuurt,Harmoniehofbuurt,2,2
Hiltonbuurt,Beethovenbuurt,2,2
Hoge Dijk,Reigersbos Zuid,1,1
Hoge Dijk,Reigersbos Midden,1,1
Hoge Dijk,Amstel III deel C/D Zuid,1,1
Hoge Dijk,AMC,1,1
Holendrecht Oost,Reigersbos Noord,1,1
Holendrecht Oost,L-buurt,1,1
Holendrecht Oost,Huntum,1,1
Holendrecht Oost,Holendrecht West,1,1
Holendrecht Oost,Hakfort/Huigenbos,1,1
Holendrecht Oost,Gaasperdam Noord,1,1
Holendrecht Oost,Bijlmerpark West,1,1
Holendrecht Oost,Bijlmerpark Oost,1,1
Holendrecht West,Reigersbos Noord,1,1
Holendrecht West,Huntum,1,1
Holendrecht West,Holendrecht Oost,1,1
Holendrecht West,Hakfort/Huigenbos,1,1
Holendrecht West,Amstel III deel A/B Zuid,1,1
Holendrecht West,Amstel III deel A/B Noord,1,1
Holendrecht West,AMC,1,1
Holysloot,Zwarte Gouw,1,1
Holysloot,Zunderdorp,1,1
Holysloot,Ransdorp,1,1
Holysloot,Durgerdam,1,1
Hondecoeterbuurt,Museumplein,2,2
Hondecoeterbuurt,Johannnes Vermeerbuurt,2,2
Hondecoeterbuurt,Hiltonbuurt,2,2
Hondecoeterbuurt,Harmoniehofbuurt,2,2
Hondecoeterbuurt,Duivelseiland,2,2
Hondecoeterbuurt,Concertgebouwbuurt,2,2
Hondecoeterbuurt,Beethovenbuurt,2,2
Hoofdcentrum Zuidoost,Venserpolder West,1,1
Hoofdcentrum Zuidoost,Amsterdamse Poort,1,1
Hoofdcentrum Zuidoost,Amstel III deel C/D Noord,1,1
Hoofdcentrum Zuidoost,Amstel III deel A/B Noord,1,1
Hoptille,Rechte H-buurt,1,1
Hoptille,Hakfort/Huigenbos,1,1
Hoptille,Amsterdamse Poort,1,1
Hoptille,Amstel III deel A/B Noord,1,1
Houthavens Oost,Westerdokseiland,1,1
Houthavens Oost,Westelijke eilanden,1,1
Houthavens Oost,Overhoeks,1,1
Houthavens Oost,Houthavens West,1,1
Houthavens Oost,Cornelis Douwesterrein,1,1
Houthavens Oost,Buiksloterham,1,1
Houthavens West,Spaarndammerbuurt Noordoost,1,1
Houthavens West,Spaarndammerbuurt Midden,1,1
Houthavens West,Overbraker Binnenpolder,1,1
Houthavens West,Houthavens Oost,1,1
Houthavens West,Cornelis Douwesterrein,1,1
Houthavens West,Coenhaven/Mercuriushaven,1,1
Huntum,Rechte H-buurt,1,1
Huntum,Holendrecht West,1,1
Huntum,Holendrecht Oost,1,1
Huntum,Hakfort/Huigenbos,1,1
Huntum,Bijlmerpark West,1,1
IJplein e.o.,Stationsplein e.o.,1,1
IJplein e.o.,Oosterdokseiland,1,1
IJplein e.o.,Oostelijke Handelskade,1,1
IJplein e.o.,Java-eiland,1,1
IJsselbuurt Oost,Weesperzijde Midden/Zuid,1,1
IJsselbuurt Oost,Diamantbuurt,1,1
IJsselbuurt West,Scheldebuurt West,2,2
IJsselbuurt West,Scheldebuurt Oost,2,2
IJsselbuurt West,Scheldebuurt Midden,2,2
IJsselbuurt West,Lizzy Ansinghbuurt,2,2
IJsselbuurt West,Kromme Mijdrechtbuurt,2,2
Jacob Geelbuurt,Oostoever Sloterplas,1,1
Jacob Geelbuurt,Louis Chrispijnbuurt,1,1
Jacob Geelbuurt,Jacques Veldmanbuurt,1,1
Jacob Geelbuurt,Emanuel van Meterenbuurt,1,1
Jacques Veldmanbuurt,Louis Chrispijnbuurt,1,1
Jacques Veldmanbuurt,Koningin Wilhelminaplein,1,1
Jacques Veldmanbuurt,Jacob Geelbuurt,1,1
Jacques Veldmanbuurt,Emanuel van Meterenbuurt,1,1
Jan Maijenbuurt,Orteliusbuurt Noord,2,2
Jan Maijenbuurt,Orteliusbuurt Midden,2,2
Jan Maijenbuurt,Balboaplein e.o.,2,2
Java-eiland,Sporenburg,1,1
Java-eiland,Oosterdokseiland,1,1
Java-eiland,Oostelijke Handelskade,1,1
Java-eiland,KNSM-eiland,1,1
Java-eiland,IJplein e.o.,1,1
Jeugdland,Nieuwendam Noordwest Noord,1,1
Jeugdland,Buikslotermeer Noord,1,1
Jeugdland,Banne Zuidoost,1,1
Jeugdland,Banne Noordoost,1,1
Johan Jongkindbuurt,Schipluidenbuurt,2,2
Johan Jongkindbuurt,Overtoomse veld Zuid,2,2
Johannnes Vermeerbuurt,Museumplein,2,2
Johannnes Vermeerbuurt,Hondecoeterbuurt,2,2
Johannnes Vermeerbuurt,Hercules Seghersbuurt,2,2
Johannnes Vermeerbuurt,Duivelseiland,2,2
Johannnes Vermeerbuurt,Concertgebouwbuurt,2,2
John Franklinbuurt,Filips van Almondekwartier,1,1
John Franklinbuurt,Erasmusparkbuurt West,1,1
Julianapark,Van der Kunbuurt,2,2
Julianapark,Tuindorp Frankendael,2,2
Julianapark,Frankendael,2,2
Julianapark,De Eenhoorn,2,2
Kadijken,Wittenburg,1,1
Kadijken,Rapenburg,1,1
Kadijken,Oostenburg,1,1
Kadijken,Marine-Etablissement,1,1
Kadijken,Kattenburg,1,1
Kadoelen,Twiske West,1,1
Kadoelen,Twiske Oost,1,1
Kadoelen,Terrasdorp,1,1
Kadoelen,Oostzanerdijk,1,1
Kadoelen,De Bongerd,1,1
Kadoelen,Banne Zuidwest,1,1
Kadoelen,Banne Noordwest,1,1
Kalverdriehoek,Spuistraat Zuid,3,3
Kalverdriehoek,Begijnhofbuurt,3,3
Kantershof,K-buurt Zuidoost,1,1
Kantershof,K-buurt Midden,1,1
Kantershof,Grunder/Koningshoef,1,1
Kantershof,G-buurt Oost,1,1
Kantershof,Gaasperpark,1,1
Kattenburg,Wittenburg,1,1
Kattenburg,Oostelijke Handelskade,1,1
Kattenburg,Marine-Etablissement,1,1
Kattenburg,Kadijken,1,1
Kazernebuurt,Plantage,2,2
Kazernebuurt,Dapperbuurt Noord,2,2
Kazernebuurt,Czaar Peterbuurt,2,2
K-buurt Midden,Kortvoort,1,1
K-buurt Midden,Kelbergen,1,1
K-buurt Midden,K buurt Zuidwest,1,1
K-buurt Midden,K-buurt Zuidoost,1,1
K-buurt Midden,Kantershof,1,1
K-buurt Midden,Grunder/Koningshoef,1,1
K-buurt Zuidoost,L-buurt,1,1
K-buurt Zuidoost,K buurt Zuidwest,1,1
K-buurt Zuidoost,K-buurt Midden,1,1
K-buurt Zuidoost,Kantershof,1,1
K-buurt Zuidoost,Gaasperpark,1,1
K buurt Zuidwest,L-buurt,1,1
K buurt Zuidwest,Kelbergen,1,1
K buurt Zuidwest,K-buurt Zuidoost,1,1
K buurt Zuidwest,K-buurt Midden,1,1
K buurt Zuidwest,Gaasperpark,1,1
Kelbergen,L-buurt,1,1
Kelbergen,Kortvoort,1,1
Kelbergen,K buurt Zuidwest,1,1
Kelbergen,K-buurt Midden,1,1
Kelbergen,Bijlmerpark Oost,1,1
KNSM-eiland,Zeeburgereiland Noordwest,1,1
KNSM-eiland,Sporenburg,1,1
KNSM-eiland,Schellingwoude West,1,1
KNSM-eiland,Schellingwoude Oost,1,1
KNSM-eiland,Java-eiland,1,1
KNSM-eiland,Bedrijventerrein Nieuwendammerdijk,1,1
Kolenkitbuurt Noord,Teleport,1,1
Kolenkitbuurt Noord,Kolenkitbuurt Zuid,1,1
Kolenkitbuurt Noord,Buurt 3,1,1
Kolenkitbuurt Zuid,Kolenkitbuurt Noord,1,1
Kolenkitbuurt Zuid,Buurt 3,1,1
Koningin Wilhelminaplein,Jacques Veldmanbuurt,1,1
Koningin Wilhelminaplein,Delflandpleinbuurt Oost,1,1
Koningin Wilhelminaplein,Andreasterrein,1,1
Kop Zeedijk,Stationsplein e.o.,1,1
Kop Zeedijk,Oude Kerk e.o.,1,1
Kop Zeedijk,Oosterdokseiland,1,1
Kop Zeedijk,Burgwallen Oost,1,1
Kortenaerkwartier,Trompbuurt,3,3
Kortvoort,Kelbergen,1,1
Kortvoort,K-buurt Midden,1,1
Kortvoort,G-buurt West,1,1
Kortvoort,Bijlmerpark Oost,1,1
Kortvoort,Bijlmermuseum Noord,1,1
Kromme Mijdrechtbuurt,Van der Kunbuurt,2,2
Kromme Mijdrechtbuurt,Scheldebuurt Oost,2,2
Kromme Mijdrechtbuurt,Rijnbuurt Oost,2,2
Kromme Mijdrechtbuurt,IJsselbuurt West,2,2
Landelijk gebied Driemond,Gaasperplas,1,1
Landelijk gebied Driemond,Gaasperpark,1,1
Landelijk gebied Driemond,Dorp Driemond,1,1
Landlust,Landlust Zuid,2,2
Landlust,Erasmusparkbuurt Oost,2,2
Landlust,Bosleeuw,2,2
Landlust Zuid,Pieter van der Doesbuurt,2,2
Landlust Zuid,Landlust,2,2
Landlust Zuid,Geuzenhofbuurt,2,2
Landlust Zuid,Erasmusparkbuurt Oost,2,2
Langestraat e.o.,Leliegracht e.o.,1,1
Langestraat e.o.,Haarlemmerbuurt West,1,1
Lastage,Scheepvaarthuisbuurt,2,2
L-buurt,Kelbergen,1,1
L-buurt,K buurt Zuidwest,1,1
L-buurt,K-buurt Zuidoost,1,1
L-buurt,Holendrecht Oost,1,1
L-buurt,Gein Noordwest,1,1
L-buurt,Gaasperplas,1,1
L-buurt,Gaasperpark,1,1
L-buurt,Gaasperdam Noord,1,1
L-buurt,Bijlmerpark West,1,1
L-buurt,Bijlmerpark Oost,1,1
Legmeerpleinbuurt,Surinamepleinbuurt,2,2
Legmeerpleinbuurt,Schinkelbuurt Noord,2,2
Legmeerpleinbuurt,Aalsmeerwegbuurt West,2,2
Legmeerpleinbuurt,Aalsmeerwegbuurt Oost,2,2
Leidsebuurt Zuidoost,Den Texbuurt,3,3
Leidsebuurt Zuidwest,Vondelparkbuurt Oost,2,2
Leidsebuurt Zuidwest,Marnixbuurt Zuid,2,2
Leidsegracht Noord,Leidsegracht Zuid,1,1
Leidsegracht Noord,Felix Meritisbuurt,1,1
Leidsegracht Zuid,Spiegelbuurt,1,1
Leidsegracht Zuid,Reguliersbuurt,1,1
Leidsegracht Zuid,Leidsegracht Noord,1,1
Leidsegracht Zuid,Gouden Bocht,1,1
Leliegracht e.o.,Langestraat e.o.,1,1
Leliegracht e.o.,Felix Meritisbuurt,1,1
Leliegracht e.o.,Elandsgrachtbuurt,1,1
Linnaeusparkbuurt,Tuindorp Frankendael,2,2
Linnaeusparkbuurt,Middenmeer Zuid,2,2
Linnaeusparkbuurt,Frankendael,2,2
Linnaeusparkbuurt,Don Bosco,2,2
Lizzy Ansinghbuurt,Wielingenbuurt,2,2
Lizzy Ansinghbuurt,Scheldebuurt West,2,2
Lizzy Ansinghbuurt,IJsselbuurt West,2,2
Lizzy Ansinghbuurt,Hercules Seghersbuurt,2,2
Lizzy Ansinghbuurt,Cornelis Troostbuurt,2,2
Loenermark,Rode Kruisbuurt,2,2
Loenermark,Elzenhagen,2,2
Lootsbuurt,Cremerbuurt West,1,1
Lootsbuurt,Bellamybuurt Zuid,1,1
Louis Chrispijnbuurt,Osdorp Zuidoost,1,1
Louis Chrispijnbuurt,Jacques Veldmanbuurt,1,1
Louis Chrispijnbuurt,Jacob Geelbuurt,1,1
Louis Chrispijnbuurt,Emanuel van Meterenbuurt,1,1
Louis Chrispijnbuurt,Calandlaan/Lelylaan,1,1
Lucas/Andreasziekenhuis e.o.,Sportparkstad,2,2
Lucas/Andreasziekenhuis e.o.,Slotermeer Zuid,2,2
Lucas/Andreasziekenhuis e.o.,Rembrandtpark Noord,2,2
Lucas/Andreasziekenhuis e.o.,Poolbuurt West,2,2
Lucas/Andreasziekenhuis e.o.,Overtoomse Veld Noord,2,2
Lucas/Andreasziekenhuis e.o.,Noordoever Sloterplas,2,2
Lucas/Andreasziekenhuis e.o.,Mercatorpark,2,2
Marathonbuurt Oost,Minervabuurt Zuid,2,2
Marathonbuurt Oost,Minervabuurt Noord,2,2
Marathonbuurt Oost,Hiltonbuurt,2,2
Marathonbuurt West,Van Tuyllbuurt,1,1
Marathonbuurt West,Schinkelbuurt Zuid,1,1
Marathonbuurt West,Olympisch Stadion e.o.,1,1
Marathonbuurt West,Bertelmanpleinbuurt,1,1
Marcanti,Markthallen,1,1
Marcanti,Frederik Hendrikbuurt Zuidwest,1,1
Marine-Etablissement,Rapenburg,1,1
Marine-Etablissement,Oosterdokseiland,1,1
Marine-Etablissement,Oostelijke Handelskade,1,1
Marine-Etablissement,Kattenburg,1,1
Marine-Etablissement,Kadijken,1,1
Markengouw Midden,Werengouw Noord,1,1
Markengouw Midden,Markengouw Zuid,1,1
Markengouw Midden,Markengouw Noord,1,1
Markengouw Midden,De Weeren,1,1
Markengouw Midden,Buikslotermeer Noord,1,1
Markengouw Noord,Werengouw Noord,1,1
Markengouw Noord,Nieuwendam Noordwest Zuid,1,1
Markengouw Noord,Nieuwendam Noordwest Noord,1,1
Markengouw Noord,Markengouw Midden,1,1
Markengouw Noord,Buikslotermeerpleinbuurt,1,1
Markengouw Noord,Buikslotermeer Noord,1,1
Markengouw Zuid,Schellingwoude Oost,1,1
Markengouw Zuid,Schellingwoude Noord,1,1
Markengouw Zuid,Markengouw Midden,1,1
Markengouw Zuid,De Weeren,1,1
Markthallen,Marcanti,1,1
Markthallen,Frederik Hendrikbuurt Zuidwest,1,1
Markthallen,Bedrijventerrein Landlust,1,1
Markthallen,Bedrijvencentrum Westerkwartier,1,1
Marnixbuurt Midden,Groenmarktkadebuurt,3,3
Marnixbuurt Midden,Frederik Hendrikbuurt Zuidoost,3,3
Marnixbuurt Noord,Zaagpoortbuurt,2,2
Marnixbuurt Noord,Planciusbuurt,2,2
Marnixbuurt Noord,Frederik Hendrikbuurt Noord,2,2
Marnixbuurt Zuid,Leidsebuurt Zuidwest,2,2
Marnixbuurt Zuid,De Costabuurt Noord,2,2
Medisch Centrum Slotervaart,Staalmanpleinbuurt,2,2
Medisch Centrum Slotervaart,Park Haagseweg,2,2
Medisch Centrum Slotervaart,Nieuw Sloten Noordoost,2,2
Meer en Oever,Wildeman,1,1
Meer en Oever,Osdorpplein e.o.,1,1
Meer en Oever,Ookmeer,1,1
Mercatorpark,Sportparkstad,2,2
Mercatorpark,Rembrandtpark Noord,2,2
Mercatorpark,Poolbuurt West,2,2
Mercatorpark,Overtoomse Veld Noord,2,2
Mercatorpark,Orteliusbuurt Noord,2,2
Mercatorpark,Orteliusbuurt Midden,2,2
Mercatorpark,Lucas/Andreasziekenhuis e.o.,2,2
Middelveldsche Akerpolder,De Punt,1,1
Middelveldsche Akerpolder,De Aker West,1,1
Middelveldsche Akerpolder,De Aker Oost,1,1
Middenmeer Noord,Science  Park Noord,1,1
Middenmeer Zuid,Tuindorp Frankendael,2,2
Middenmeer Zuid,Linnaeusparkbuurt,2,2
Middenmeer Zuid,Frankendael,2,2
Minervabuurt Noord,Marathonbuurt Oost,2,2
Minervabuurt Noord,Hiltonbuurt,2,2
Minervabuurt Noord,Beethovenbuurt,2,2
Minervabuurt Zuid,Prinses Irenebuurt,2,2
Minervabuurt Zuid,Marathonbuurt Oost,2,2
Minervabuurt Zuid,Diepenbrockbuurt,2,2
Minervabuurt Zuid,Beethovenbuurt,2,2
Molenwijk,Walvisbuurt,1,1
Molenwijk,Oostzanerdijk,1,1
Museumplein,Johannnes Vermeerbuurt,2,2
Museumplein,Hondecoeterbuurt,2,2
Museumplein,Concertgebouwbuurt,2,2
Nes e.o.,Oude Kerk e.o.,1,1
Nes e.o.,Burgwallen Oost,1,1
Nieuwe Diep/Diemerpark,Zeeburgereiland Zuidwest,1,1
Nieuwe Diep/Diemerpark,Zeeburgereiland Zuidoost,1,1
Nieuwe Diep/Diemerpark,Steigereiland Zuid,1,1
Nieuwe Diep/Diemerpark,Science Park Zuid,1,1
Nieuwe Diep/Diemerpark,Haveneiland Zuidwest/Rieteiland West,1,1
Nieuwe Diep/Diemerpark,Haveneiland Oost,1,1
Nieuwe Diep/Diemerpark,Flevopark,1,1
Nieuwe Kerk e.o.,Nieuwendijk Noord,2,2
Nieuwe Meer,Sloterweg e.o.,1,1
Nieuwe Meer,Riekerpolder,1,1
Nieuwe Meer,Riekerhaven,1,1
Nieuwe Meer,Amsterdamse Bos,1,1
Nieuwendammerdijk Oost,Werengouw Zuid,2,2
Nieuwendammerdijk West,Buiksloterdijk Oost,3,3
Nieuwendam Noordwest Noord,Nieuwendam Noordwest Zuid,1,1
Nieuwendam Noordwest Noord,Markengouw Noord,1,1
Nieuwendam Noordwest Noord,Jeugdland,1,1
Nieuwendam Noordwest Noord,Buikslotermeerpleinbuurt,1,1
Nieuwendam Noordwest Noord,Buikslotermeer Noord,1,1
Nieuwendam Noordwest Zuid,Werengouw Noord,1,1
Nieuwendam Noordwest Zuid,Nieuwendam Noordwest Noord,1,1
Nieuwendam Noordwest Zuid,Markengouw Noord,1,1
Nieuwendam Noordwest Zuid,Buikslotermeerpleinbuurt,1,1
Nieuwendijk Noord,Nieuwe Kerk e.o.,2,2
Nieuwe Oosterbegraafplaats,Sportpark Middenmeer Zuid,1,1
Nieuwe Oosterbegraafplaats,Drieburg,1,1
Nieuwe Oosterbegraafplaats,De Wetbuurt,1,1
Nieuwe Oosterbegraafplaats,Betondorp,1,1
Nieuwmarkt,Uilenburg,1,1
Nieuwmarkt,Burgwallen Oost,1,1
Nieuw Sloten Noordoost,Medisch Centrum Slotervaart,2,2
Nieuw Sloten Noordwest,Osdorp Zuidoost,1,1
Nieuw Sloten Noordwest,Nieuw Sloten Zuidwest,1,1
Nieuw Sloten Zuidoost,Sloterweg e.o.,1,1
Nieuw Sloten Zuidoost,Nieuw Sloten Zuidwest,1,1
Nieuw Sloten Zuidwest,Sloterweg e.o.,1,1
Nieuw Sloten Zuidwest,Nieuw Sloten Zuidoost,1,1
Nieuw Sloten Zuidwest,Nieuw Sloten Noordwest,1,1
Noorder IJplas,Walvisbuurt,1,1
Noorder IJplas,Petroleumhaven,1,1
Noorder IJplas,Oostzanerdijk,1,1
Noorder IJplas,Cornelis Douwesterrein,1,1
Noorder IJplas,Coenhaven/Mercuriushaven,1,1
Noordoever Sloterplas,Sportparkstad,2,2
Noordoever Sloterplas,Slotermeer Zuid,2,2
Noordoever Sloterplas,Lucas/Andreasziekenhuis e.o.,2,2
Noordoostkwadrant Indische buurt,Zeeburgerdijk Oost,2,2
Noordwestkwadrant Indische buurt Noord,Polderweggebied,1,1
Noordwestkwadrant Indische buurt Noord,Noordwestkwadrant Indische buurt Zuid,1,1
Noordwestkwadrant Indische buurt Noord,Bedrijvengebied Zeeburgerkade,1,1
Noordwestkwadrant Indische buurt Zuid,Zuidwestkadrant Indische buurt,1,1
Noordwestkwadrant Indische buurt Zuid,Zuidoostkwadrant Indische buurt,1,1
Noordwestkwadrant Indische buurt Zuid,Polderweggebied,1,1
Noordwestkwadrant Indische buurt Zuid,Noordwestkwadrant Indische buurt Noord,1,1
Olympisch Stadion e.o.,Zuidas Noord,1,1
Olympisch Stadion e.o.,Van Tuyllbuurt,1,1
Olympisch Stadion e.o.,Schinkelbuurt Zuid,1,1
Olympisch Stadion e.o.,Marathonbuurt West,1,1
Olympisch Stadion e.o.,Bertelmanpleinbuurt,1,1
Ookmeer,Wildeman,1,1
Ookmeer,Osdorper Bovenpolder,1,1
Ookmeer,Meer en Oever,1,1
Ookmeer,Buurt 7,1,1
Ookmeer,Buurt 6,1,1
Oostelijke Handelskade,Wittenburg,1,1
Oostelijke Handelskade,Oosterdokseiland,1,1
Oostelijke Handelskade,Marine-Etablissement,1,1
Oostelijke Handelskade,Kattenburg,1,1
Oostelijke Handelskade,Java-eiland,1,1
Oostelijke Handelskade,IJplein e.o.,1,1
Oostenburg,Wittenburg,1,1
Oostenburg,Kadijken,1,1
Oosterdokseiland,Stationsplein e.o.,1,1
Oosterdokseiland,Rapenburg,1,1
Oosterdokseiland,Oostelijke Handelskade,1,1
Oosterdokseiland,Marine-Etablissement,1,1
Oosterdokseiland,Kop Zeedijk,1,1
Oosterdokseiland,Java-eiland,1,1
Oosterdokseiland,IJplein e.o.,1,1
Oosterpark,Oosterparkbuurt Zuidwest,1,1
Oosterpark,Oosterparkbuurt Zuidoost,1,1
Oosterpark,Oosterparkbuurt Noordwest,1,1
Oosterparkbuurt Noordwest,Weesperzijde Midden/Zuid,1,1
Oosterparkbuurt Noordwest,Swammerdambuurt,1,1
Oosterparkbuurt Noordwest,Parooldriehoek,1,1
Oosterparkbuurt Noordwest,Oosterparkbuurt Zuidwest,1,1
Oosterparkbuurt Noordwest,Oosterparkbuurt Zuidoost,1,1
Oosterparkbuurt Noordwest,Oosterpark,1,1
Oosterparkbuurt Zuidoost,Transvaalbuurt West,1,1
Oosterparkbuurt Zuidoost,Transvaalbuurt Oost,1,1
Oosterparkbuurt Zuidoost,Polderweggebied,1,1
Oosterparkbuurt Zuidoost,Oosterparkbuurt Zuidwest,1,1
Oosterparkbuurt Zuidoost,Oosterparkbuurt Noordwest,1,1
Oosterparkbuurt Zuidoost,Oosterpark,1,1
Oosterparkbuurt Zuidwest,Weesperzijde Midden/Zuid,1,1
Oosterparkbuurt Zuidwest,Transvaalbuurt West,1,1
Oosterparkbuurt Zuidwest,Transvaalbuurt Oost,1,1
Oosterparkbuurt Zuidwest,Swammerdambuurt,1,1
Oosterparkbuurt Zuidwest,Parooldriehoek,1,1
Oosterparkbuurt Zuidwest,Oosterparkbuurt Zuidoost,1,1
Oosterparkbuurt Zuidwest,Oosterparkbuurt Noordwest,1,1
Oosterparkbuurt Zuidwest,Oosterpark,1,1
Oostoever Sloterplas,Jacob Geelbuurt,1,1
Oostoever Sloterplas,Emanuel van Meterenbuurt,1,1
Oostzanerdijk,Walvisbuurt,1,1
Oostzanerdijk,Twiske West,1,1
Oostzanerdijk,Tuindorp Oostzaan West,1,1
Oostzanerdijk,Tuindorp Oostzaan Oost,1,1
Oostzanerdijk,Terrasdorp,1,1
Oostzanerdijk,Noorder IJplas,1,1
Oostzanerdijk,Molenwijk,1,1
Oostzanerdijk,Kadoelen,1,1
Oostzanerdijk,Cornelis Douwesterrein,1,1
Orteliusbuurt Midden,Rembrandtpark Noord,2,2
Orteliusbuurt Midden,Orteliusbuurt Zuid,2,2
Orteliusbuurt Midden,Orteliusbuurt Noord,2,2
Orteliusbuurt Midden,Mercatorpark,2,2
Orteliusbuurt Midden,Jan Maijenbuurt,2,2
Orteliusbuurt Midden,Columbusplein e.o.,2,2
Orteliusbuurt Midden,Balboaplein e.o.,2,2
Orteliusbuurt Noord,Rembrandtpark Noord,2,2
Orteliusbuurt Noord,Poolbuurt West,2,2
Orteliusbuurt Noord,Orteliusbuurt Midden,2,2
Orteliusbuurt Noord,Mercatorpark,2,2
Orteliusbuurt Noord,Jan Maijenbuurt,2,2
Orteliusbuurt Noord,Balboaplein e.o.,2,2
Orteliusbuurt Zuid,Rembrandtpark Noord,2,2
Orteliusbuurt Zuid,Postjeskade e.o.,2,2
Orteliusbuurt Zuid,Paramariboplein e.o.,2,2
Orteliusbuurt Zuid,Orteliusbuurt Midden,2,2
Orteliusbuurt Zuid,Columbusplein e.o.,2,2
Orteliusbuurt Zuid,Balboaplein e.o.,2,2
Osdorper Binnenpolder,Osdorper Bovenpolder,1,1
Osdorper Binnenpolder,Buurt 7,1,1
Osdorper Binnenpolder,Bretten West,1,1
Osdorper Bovenpolder,Wildeman,1,1
Osdorper Bovenpolder,Osdorper Binnenpolder,1,1
Osdorper Bovenpolder,Ookmeer,1,1
Osdorper Bovenpolder,Buurt 7,1,1
Osdorper Bovenpolder,Bedrijvencentrum Osdorp,1,1
Osdorp Midden Noord,Osdorp Midden Zuid,2,2
Osdorp Midden Zuid,Zuidwestkwadrant Osdorp Noord,2,2
Osdorp Midden Zuid,Osdorp Midden Noord,2,2
Osdorpplein e.o.,Wildeman,1,1
Osdorpplein e.o.,Meer en Oever,1,1
Osdorpplein e.o.,Emanuel van Meterenbuurt,1,1
Osdorpplein e.o.,Calandlaan/Lelylaan,1,1
Osdorp Zuidoost,Nieuw Sloten Noordwest,1,1
Osdorp Zuidoost,Louis Chrispijnbuurt,1,1
Osdorp Zuidoost,Calandlaan/Lelylaan,1,1
Oude Kerk e.o.,Nes e.o.,1,1
Oude Kerk e.o.,Kop Zeedijk,1,1
Oude Kerk e.o.,Burgwallen Oost,1,1
Overamstel,Zorgvlied,1,1
Overamstel,Amstelpark,1,1
Overamstel,Amstelglorie,1,1
Overbraker Binnenpolder,Spaarndammerbuurt Zuidwest,1,1
Overbraker Binnenpolder,Spaarndammerbuurt Midden,1,1
Overbraker Binnenpolder,Sloterdijk I,1,1
Overbraker Binnenpolder,Sloterdijk,1,1
Overbraker Binnenpolder,Houthavens West,1,1
Overbraker Binnenpolder,Coenhaven/Mercuriushaven,1,1
Overbraker Binnenpolder,Alfa-driehoek,1,1
Overhoeks,Westerdokseiland,1,1
Overhoeks,Stationsplein e.o.,1,1
Overhoeks,Houthavens Oost,1,1
Overhoeks,Buiksloterham,1,1
Overtoomse Veld Noord,Rembrandtpark Noord,2,2
Overtoomse Veld Noord,Overtoomse veld Zuid,2,2
Overtoomse Veld Noord,Mercatorpark,2,2
Overtoomse Veld Noord,Lucas/Andreasziekenhuis e.o.,2,2
Overtoomse veld Zuid,Rembrandtpark Noord,2,2
Overtoomse veld Zuid,Overtoomse Veld Noord,2,2
Overtoomse veld Zuid,Johan Jongkindbuurt,2,2
Papaverweg e.o.,Terrasdorp,1,1
Papaverweg e.o.,De Bongerd,1,1
Papaverweg e.o.,Cornelis Douwesterrein,1,1
Papaverweg e.o.,Buiksloterham,1,1
Papaverweg e.o.,Buiksloterbreek,1,1
Papaverweg e.o.,Bloemenbuurt Noord,1,1
Paramariboplein e.o.,Vondelparkbuurt West,2,2
Paramariboplein e.o.,Van Brakelkwartier,2,2
Paramariboplein e.o.,Surinamepleinbuurt,2,2
Paramariboplein e.o.,Postjeskade e.o.,2,2
Paramariboplein e.o.,Orteliusbuurt Zuid,2,2
Paramariboplein e.o.,Columbusplein e.o.,2,2
Park de Meer,Sportpark Voorland,1,1
Park de Meer,Sportpark Middenmeer Zuid,1,1
Park de Meer,Sportpark Middenmeer Noord,1,1
Park de Meer,Betondorp,1,1
Park Haagseweg,Medisch Centrum Slotervaart,2,2
Parooldriehoek,Weesperzijde Midden/Zuid,1,1
Parooldriehoek,Transvaalbuurt West,1,1
Parooldriehoek,Swammerdambuurt,1,1
Parooldriehoek,Oosterparkbuurt Zuidwest,1,1
Parooldriehoek,Oosterparkbuurt Noordwest,1,1
Petroleumhaven,Westhaven Noord,1,1
Petroleumhaven,Vervoerscentrum,1,1
Petroleumhaven,Noorder IJplas,1,1
Petroleumhaven,Cornelis Douwesterrein,1,1
Petroleumhaven,Coenhaven/Mercuriushaven,1,1
Pieter van der Doesbuurt,Landlust Zuid,2,2
Pieter van der Doesbuurt,Erasmusparkbuurt Oost,2,2
Pieter van der Doesbuurt,Balboaplein e.o.,2,2
Planciusbuurt,Zeeheldenbuurt,2,2
Planciusbuurt,Westergasfabriek,2,2
Planciusbuurt,Marnixbuurt Noord,2,2
Plantage,Waterloopleinbuurt,2,2
Plantage,Valkenburg,2,2
Plantage,Sarphatistrook,2,2
Plantage,Kazernebuurt,2,2
Plantage,Dapperbuurt Noord,2,2
Polderweggebied,Zuidwestkadrant Indische buurt,1,1
Polderweggebied,Transvaalbuurt Oost,1,1
Polderweggebied,Science  Park Noord,1,1
Polderweggebied,Oosterparkbuurt Zuidoost,1,1
Polderweggebied,Noordwestkwadrant Indische buurt Zuid,1,1
Polderweggebied,Noordwestkwadrant Indische buurt Noord,1,1
Poolbuurt West,Sportparkstad,2,2
Poolbuurt West,Orteliusbuurt Noord,2,2
Poolbuurt West,Mercatorpark,2,2
Poolbuurt West,Lucas/Andreasziekenhuis e.o.,2,2
Poolbuurt West,Bosleeuw,2,2
Postjeskade e.o.,Surinamepleinbuurt,2,2
Postjeskade e.o.,Paramariboplein e.o.,2,2
Postjeskade e.o.,Orteliusbuurt Zuid,2,2
Postjeskade e.o.,Columbusplein e.o.,2,2
Prinses Irenebuurt,Minervabuurt Zuid,2,2
Prinses Irenebuurt,Diepenbrockbuurt,2,2
RAI,Zuidas Noord,1,1
RAI,Vivaldi,1,1
RAI,Veluwebuurt,1,1
RAI,Beatrixpark,1,1
RAI,Amstelpark,1,1
Ransdorp,Zwarte Gouw,1,1
Ransdorp,Holysloot,1,1
Ransdorp,Durgerdam,1,1
Rapenburg,Uilenburg,1,1
Rapenburg,Oosterdokseiland,1,1
Rapenburg,Marine-Etablissement,1,1
Rapenburg,Kadijken,1,1
Rechte H-buurt,Huntum,1,1
Rechte H-buurt,Hoptille,1,1
Rechte H-buurt,Hakfort/Huigenbos,1,1
Rechte H-buurt,Bijlmerpark West,1,1
Rechte H-buurt,Amsterdamse Poort,1,1
Reguliersbuurt,Van Loonbuurt,1,1
Reguliersbuurt,Rembrandtpleinbuurt,1,1
Reguliersbuurt,Leidsegracht Zuid,1,1
Reguliersbuurt,Gouden Bocht,1,1
Reigersbos Midden,Reigersbos Zuid,1,1
Reigersbos Midden,Reigersbos Noord,1,1
Reigersbos Midden,Hoge Dijk,1,1
Reigersbos Midden,Gaasperdam Zuid,1,1
Reigersbos Midden,Gaasperdam Noord,1,1
Reigersbos Midden,AMC,1,1
Reigersbos Noord,Reigersbos Midden,1,1
Reigersbos Noord,Holendrecht West,1,1
Reigersbos Noord,Holendrecht Oost,1,1
Reigersbos Noord,Gaasperdam Zuid,1,1
Reigersbos Noord,Gaasperdam Noord,1,1
Reigersbos Noord,Amstel III deel A/B Zuid,1,1
Reigersbos Noord,AMC,1,1
Reigersbos Zuid,Reigersbos Midden,1,1
Reigersbos Zuid,Hoge Dijk,1,1
Reigersbos Zuid,Gein Zuidwest,1,1
Reigersbos Zuid,Gein Zuidoost,1,1
Reigersbos Zuid,Gaasperdam Zuid,1,1
Reigersbos Zuid,AMC,1,1
Rembrandtpark Noord,Overtoomse veld Zuid,2,2
Rembrandtpark Noord,Overtoomse Veld Noord,2,2
Rembrandtpark Noord,Orteliusbuurt Zuid,2,2
Rembrandtpark Noord,Orteliusbuurt Noord,2,2
Rembrandtpark Noord,Orteliusbuurt Midden,2,2
Rembrandtpark Noord,Mercatorpark,2,2
Rembrandtpark Noord,Lucas/Andreasziekenhuis e.o.,2,2
Rembrandtpark Zuid,Westlandgrachtbuurt,1,1
Rembrandtpark Zuid,Andreasterrein,1,1
Rembrandtpleinbuurt,Weesperbuurt,1,1
Rembrandtpleinbuurt,Van Loonbuurt,1,1
Rembrandtpleinbuurt,Reguliersbuurt,1,1
Rembrandtpleinbuurt,Amstelveldbuurt,1,1
Riekerhaven,Riekerpolder,1,1
Riekerhaven,Nieuwe Meer,1,1
Riekerhaven,Delflandpleinbuurt Oost,1,1
Riekerhaven,Bedrijventerrein Schinkel,1,1
Riekerhaven,Amsterdamse Bos,1,1
Riekerpolder,Sloterweg e.o.,1,1
Riekerpolder,Riekerhaven,1,1
Riekerpolder,Nieuwe Meer,1,1
Rietlanden,Entrepot-Noordwest,2,2
Rietlanden,Czaar Peterbuurt,2,2
Rijnbuurt Midden,Zorgvlied,1,1
Rijnbuurt Midden,Veluwebuurt,1,1
Rijnbuurt Midden,Rijnbuurt West,1,1
Rijnbuurt Midden,Amstelglorie,1,1
Rijnbuurt Oost,Scheldebuurt Oost,2,2
Rijnbuurt Oost,Kromme Mijdrechtbuurt,2,2
Rijnbuurt Oost,Amstel I Noord,2,2
Rijnbuurt West,Veluwebuurt,1,1
Rijnbuurt West,Rijnbuurt Midden,1,1
Rode Kruisbuurt,Loenermark,2,2
Rode Kruisbuurt,Elzenhagen,2,2
Rode Kruisbuurt,Blauwe Zand,2,2
Sarphatiparkbuurt,Willibrordusbuurt,1,1
Sarphatiparkbuurt,Van der Helstpleinbuurt,1,1
Sarphatiparkbuurt,Hemonybuurt,1,1
Sarphatiparkbuurt,Gerard Doubuurt,1,1
Sarphatiparkbuurt,Frederikspleinbuurt,1,1
Sarphatiparkbuurt,Frans Halsbuurt,1,1
Sarphatistrook,Plantage,2,2
Scheepvaarthuisbuurt,Lastage,2,2
Scheldebuurt Midden,Scheldebuurt West,2,2
Scheldebuurt Midden,Scheldebuurt Oost,2,2
Scheldebuurt Midden,IJsselbuurt West,2,2
Scheldebuurt Oost,Scheldebuurt Midden,2,2
Scheldebuurt Oost,Rijnbuurt Oost,2,2
Scheldebuurt Oost,Kromme Mijdrechtbuurt,2,2
Scheldebuurt Oost,IJsselbuurt West,2,2
Scheldebuurt West,Wielingenbuurt,2,2
Scheldebuurt West,Scheldebuurt Midden,2,2
Scheldebuurt West,Lizzy Ansinghbuurt,2,2
Scheldebuurt West,IJsselbuurt West,2,2
Scheldebuurt West,Cornelis Troostbuurt,2,2
Schellingwoude Noord,Zwarte Gouw,1,1
Schellingwoude Noord,Schellingwoude Oost,1,1
Schellingwoude Noord,Markengouw Zuid,1,1
Schellingwoude Noord,De Weeren,1,1
Schellingwoude Oost,Zwarte Gouw,1,1
Schellingwoude Oost,Zeeburgereiland Noordwest,1,1
Schellingwoude Oost,Zeeburgereiland Noordoost,1,1
Schellingwoude Oost,Schellingwoude West,1,1
Schellingwoude Oost,Schellingwoude Noord,1,1
Schellingwoude Oost,Markengouw Zuid,1,1
Schellingwoude Oost,KNSM-eiland,1,1
Schellingwoude Oost,Durgerdam,1,1
Schellingwoude Oost,De Weeren,1,1
Schellingwoude Oost,Bedrijventerrein Nieuwendammerdijk,1,1
Schellingwoude West,Zeeburgereiland Noordwest,1,1
Schellingwoude West,Schellingwoude Oost,1,1
Schellingwoude West,KNSM-eiland,1,1
Schellingwoude West,Bedrijventerrein Nieuwendammerdijk,1,1
Schinkelbuurt Noord,Willemsparkbuurt Noord,2,2
Schinkelbuurt Noord,Vondelparkbuurt West,2,2
Schinkelbuurt Noord,Surinamepleinbuurt,2,2
Schinkelbuurt Noord,Legmeerpleinbuurt,2,2
Schinkelbuurt Noord,Aalsmeerwegbuurt Oost,2,2
Schinkelbuurt Zuid,Valeriusbuurt West,1,1
Schinkelbuurt Zuid,Olympisch Stadion e.o.,1,1
Schinkelbuurt Zuid,Marathonbuurt West,1,1
Schinkelbuurt Zuid,Bertelmanpleinbuurt,1,1
Schinkelbuurt Zuid,Bedrijventerrein Schinkel,1,1
Schipluidenbuurt,Johan Jongkindbuurt,2,2
Science  Park Noord,Zuidwestkadrant Indische buurt,1,1
Science  Park Noord,Zuidoostkwadrant Indische buurt,1,1
Science  Park Noord,Sportpark Middenmeer Noord,1,1
Science  Park Noord,Science Park Zuid,1,1
Science  Park Noord,Polderweggebied,1,1
Science  Park Noord,Middenmeer Noord,1,1
Science  Park Noord,Flevopark,1,1
Science Park Zuid,Sportpark Voorland,1,1
Science Park Zuid,Sportpark Middenmeer Noord,1,1
Science Park Zuid,Science  Park Noord,1,1
Science Park Zuid,Nieuwe Diep/Diemerpark,1,1
Science Park Zuid,Flevopark,1,1
Sloterdijk,Teleport,1,1
Sloterdijk,Sloterdijk I,1,1
Sloterdijk,Overbraker Binnenpolder,1,1
Sloterdijk,Bedrijventerrein Landlust,1,1
Sloterdijk,Bedrijvencentrum Westerkwartier,1,1
Sloterdijk I,Vervoerscentrum,1,1
Sloterdijk I,Teleport,1,1
Sloterdijk I,Sloterdijk II,1,1
Sloterdijk I,Sloterdijk,1,1
Sloterdijk I,Overbraker Binnenpolder,1,1
Sloterdijk I,Alfa-driehoek,1,1
Sloterdijk II,Westhaven Zuid,1,1
Sloterdijk II,Westhaven Noord,1,1
Sloterdijk II,Vervoerscentrum,1,1
Sloterdijk II,Teleport,1,1
Sloterdijk II,Sloterdijk III Oost,1,1
Sloterdijk II,Sloterdijk I,1,1
Sloterdijk II,Bretten Oost,1,1
Sloterdijk II,Alfa-driehoek,1,1
Sloterdijk III Oost,Westhaven Zuid,1,1
Sloterdijk III Oost,Westhaven Noord,1,1
Sloterdijk III Oost,Teleport,1,1
Sloterdijk III Oost,Sloterdijk III West,1,1
Sloterdijk III Oost,Sloterdijk II,1,1
Sloterdijk III Oost,Bretten West,1,1
Sloterdijk III Oost,Bretten Oost,1,1
Sloterdijk III West,Westhaven Noord,1,1
Sloterdijk III West,Sloterdijk III Oost,1,1
Sloterdijk III West,De Heining,1,1
Sloterdijk III West,Bretten West,1,1
Sloterdijk III West,Amerikahaven,1,1
Slotermeer Zuid,Sportparkstad,2,2
Slotermeer Zuid,Noordoever Sloterplas,2,2
Slotermeer Zuid,Lucas/Andreasziekenhuis e.o.,2,2
Slotermeer Zuid,Buurt 2,2,2
Sloterweg e.o.,Riekerpolder,1,1
Sloterweg e.o.,Nieuw Sloten Zuidwest,1,1
Sloterweg e.o.,Nieuw Sloten Zuidoost,1,1
Sloterweg e.o.,Nieuwe Meer,1,1
Spaarndammerbuurt Midden,Spaarndammerbuurt Zuidwest,1,1
Spaarndammerbuurt Midden,Spaarndammerbuurt Noordoost,1,1
Spaarndammerbuurt Midden,Overbraker Binnenpolder,1,1
Spaarndammerbuurt Midden,Houthavens West,1,1
Spaarndammerbuurt Noordoost,Spaarndammerbuurt Zuidwest,1,1
Spaarndammerbuurt Noordoost,Spaarndammerbuurt Zuidoost,1,1
Spaarndammerbuurt Noordoost,Spaarndammerbuurt Midden,1,1
Spaarndammerbuurt Noordoost,Houthavens West,1,1
Spaarndammerbuurt Zuidoost,Spaarndammerbuurt Zuidwest,1,1
Spaarndammerbuurt Zuidoost,Spaarndammerbuurt Noordoost,1,1
Spaarndammerbuurt Zuidwest,Spaarndammerbuurt Zuidoost,1,1
Spaarndammerbuurt Zuidwest,Spaarndammerbuurt Noordoost,1,1
Spaarndammerbuurt Zuidwest,Spaarndammerbuurt Midden,1,1
Spaarndammerbuurt Zuidwest,Overbraker Binnenpolder,1,1
Spiegelbuurt,Weteringbuurt,1,1
Spiegelbuurt,Van Loonbuurt,1,1
Spiegelbuurt,Leidsegracht Zuid,1,1
Spiegelbuurt,Gouden Bocht,1,1
Sporenburg,Zeeburgereiland Zuidwest,1,1
Sporenburg,Zeeburgereiland Noordwest,1,1
Sporenburg,KNSM-eiland,1,1
Sporenburg,Java-eiland,1,1
Sporenburg,Borneo,1,1
Sporenburg,Bedrijvengebied Cruquiusweg,1,1
Sportpark Middenmeer Noord,Sportpark Voorland,1,1
Sportpark Middenmeer Noord,Sportpark Middenmeer Zuid,1,1
Sportpark Middenmeer Noord,Science Park Zuid,1,1
Sportpark Middenmeer Noord,Science  Park Noord,1,1
Sportpark Middenmeer Noord,Park de Meer,1,1
Sportpark Middenmeer Zuid,Sportpark Voorland,1,1
Sportpark Middenmeer Zuid,Sportpark Middenmeer Noord,1,1
Sportpark Middenmeer Zuid,Park de Meer,1,1
Sportpark Middenmeer Zuid,Nieuwe Oosterbegraafplaats,1,1
Sportpark Middenmeer Zuid,Betondorp,1,1
Sportparkstad,Slotermeer Zuid,2,2
Sportparkstad,Poolbuurt West,2,2
Sportparkstad,Noordoever Sloterplas,2,2
Sportparkstad,Mercatorpark,2,2
Sportparkstad,Lucas/Andreasziekenhuis e.o.,2,2
Sportparkstad,Buurt 2,2,2
Sportpark Voorland,Sportpark Middenmeer Zuid,1,1
Sportpark Voorland,Sportpark Middenmeer Noord,1,1
Sportpark Voorland,Science Park Zuid,1,1
Sportpark Voorland,Park de Meer,1,1
Spuistraat Zuid,Kalverdriehoek,3,3
Spuistraat Zuid,Begijnhofbuurt,3,3
Staalmanpleinbuurt,Medisch Centrum Slotervaart,2,2
Staalmanpleinbuurt,Delflandpleinbuurt West,2,2
Staatsliedenbuurt Noordoost,De Wittenbuurt Noord,3,3
Stationsplein e.o.,Westerdokseiland,1,1
Stationsplein e.o.,Overhoeks,1,1
Stationsplein e.o.,Oosterdokseiland,1,1
Stationsplein e.o.,Kop Zeedijk,1,1
Stationsplein e.o.,IJplein e.o.,1,1
Steigereiland Noord,Zeeburgereiland Zuidoost,1,1
Steigereiland Noord,Zeeburgereiland Noordoost,1,1
Steigereiland Noord,Steigereiland Zuid,1,1
Steigereiland Noord,Haveneiland Zuidwest/Rieteiland West,1,1
Steigereiland Noord,Haveneiland Noordwest,1,1
Steigereiland Noord,Durgerdam,1,1
Steigereiland Zuid,Zeeburgereiland Zuidoost,1,1
Steigereiland Zuid,Zeeburgereiland Noordoost,1,1
Steigereiland Zuid,Steigereiland Noord,1,1
Steigereiland Zuid,Nieuwe Diep/Diemerpark,1,1
Steigereiland Zuid,Haveneiland Zuidwest/Rieteiland West,1,1
Steigereiland Zuid,Haveneiland Noordwest,1,1
Surinamepleinbuurt,Vondelparkbuurt West,2,2
Surinamepleinbuurt,Schinkelbuurt Noord,2,2
Surinamepleinbuurt,Postjeskade e.o.,2,2
Surinamepleinbuurt,Paramariboplein e.o.,2,2
Surinamepleinbuurt,Legmeerpleinbuurt,2,2
Swammerdambuurt,Willibrordusbuurt,1,1
Swammerdambuurt,Weesperzijde Midden/Zuid,1,1
Swammerdambuurt,Parooldriehoek,1,1
Swammerdambuurt,Oosterparkbuurt Zuidwest,1,1
Swammerdambuurt,Oosterparkbuurt Noordwest,1,1
Swammerdambuurt,Hemonybuurt,1,1
Swammerdambuurt,Frederikspleinbuurt,1,1
Teleport,Vervoerscentrum,1,1
Teleport,Sloterdijk III Oost,1,1
Teleport,Sloterdijk II,1,1
Teleport,Sloterdijk I,1,1
Teleport,Sloterdijk,1,1
Teleport,Kolenkitbuurt Noord,1,1
Teleport,Buurt 3,1,1
Teleport,Bretten Oost,1,1
Teleport,Alfa-driehoek,1,1
Terrasdorp,Tuindorp Oostzaan Oost,1,1
Terrasdorp,Papaverweg e.o.,1,1
Terrasdorp,Oostzanerdijk,1,1
Terrasdorp,Kadoelen,1,1
Terrasdorp,De Bongerd,1,1
Terrasdorp,Cornelis Douwesterrein,1,1
Terrasdorp,Buiksloterbreek,1,1
Transvaalbuurt Oost,Transvaalbuurt West,1,1
Transvaalbuurt Oost,Polderweggebied,1,1
Transvaalbuurt Oost,Oosterparkbuurt Zuidwest,1,1
Transvaalbuurt Oost,Oosterparkbuurt Zuidoost,1,1
Transvaalbuurt West,Weesperzijde Midden/Zuid,1,1
Transvaalbuurt West,Transvaalbuurt Oost,1,1
Transvaalbuurt West,Parooldriehoek,1,1
Transvaalbuurt West,Oosterparkbuurt Zuidwest,1,1
Transvaalbuurt West,Oosterparkbuurt Zuidoost,1,1
Trompbuurt,Kortenaerkwartier,3,3
Tuindorp Frankendael,Middenmeer Zuid,2,2
Tuindorp Frankendael,Linnaeusparkbuurt,2,2
Tuindorp Frankendael,Julianapark,2,2
Tuindorp Frankendael,Frankendael,2,2
Tuindorp Nieuwendam Oost,Werengouw Noord,1,1
Tuindorp Nieuwendam Oost,Tuindorp Nieuwendam West,1,1
Tuindorp Nieuwendam West,Werengouw Noord,1,1
Tuindorp Nieuwendam West,Tuindorp Nieuwendam Oost,1,1
Tuindorp Nieuwendam West,Buikslotermeerpleinbuurt,1,1
Tuindorp Oostzaan Oost,Tuindorp Oostzaan West,1,1
Tuindorp Oostzaan Oost,Terrasdorp,1,1
Tuindorp Oostzaan Oost,Oostzanerdijk,1,1
Tuindorp Oostzaan Oost,Cornelis Douwesterrein,1,1
Tuindorp Oostzaan West,Tuindorp Oostzaan Oost,1,1
Tuindorp Oostzaan West,Oostzanerdijk,1,1
Tuindorp Oostzaan West,Cornelis Douwesterrein,1,1
Twiske Oost,Twiske West,1,1
Twiske Oost,Kadoelen,1,1
Twiske West,Walvisbuurt,1,1
Twiske West,Twiske Oost,1,1
Twiske West,Oostzanerdijk,1,1
Twiske West,Kadoelen,1,1
Uilenburg,Rapenburg,1,1
Uilenburg,Nieuwmarkt,1,1
Utrechtsebuurt Zuid,Weteringbuurt,1,1
Utrechtsebuurt Zuid,Weesperbuurt,1,1
Utrechtsebuurt Zuid,Van Loonbuurt,1,1
Utrechtsebuurt Zuid,Frederikspleinbuurt,1,1
Utrechtsebuurt Zuid,Amstelveldbuurt,1,1
Valeriusbuurt Oost,Valeriusbuurt West,1,1
Valeriusbuurt Oost,Cornelis Schuytbuurt,1,1
Valeriusbuurt Oost,Banpleinbuurt,1,1
Valeriusbuurt West,Valeriusbuurt Oost,1,1
Valeriusbuurt West,Schinkelbuurt Zuid,1,1
Valeriusbuurt West,Bertelmanpleinbuurt,1,1
Valkenburg,Waterloopleinbuurt,2,2
Valkenburg,Plantage,2,2
Van Brakelkwartier,Paramariboplein e.o.,2,2
Van Brakelkwartier,De Wester Quartier,2,2
Van Brakelkwartier,Columbusplein e.o.,2,2
Van Brakelkwartier,Balboaplein e.o.,2,2
Van der Helstpleinbuurt,Willibrordusbuurt,1,1
Van der Helstpleinbuurt,Sarphatiparkbuurt,1,1
Van der Helstpleinbuurt,Hemonybuurt,1,1
Van der Helstpleinbuurt,Diamantbuurt,1,1
Van der Helstpleinbuurt,Burgemeester Tellegenbuurt West,1,1
Van der Helstpleinbuurt,Burgemeester Tellegenbuurt Oost,1,1
Van der Kunbuurt,Kromme Mijdrechtbuurt,2,2
Van der Kunbuurt,Julianapark,2,2
Van der Kunbuurt,De Eenhoorn,2,2
Van der Pekbuurt,Vogelbuurt Zuid,2,2
Van der Pekbuurt,Bloemenbuurt Zuid,2,2
Van Loonbuurt,Weteringbuurt,1,1
Van Loonbuurt,Utrechtsebuurt Zuid,1,1
Van Loonbuurt,Spiegelbuurt,1,1
Van Loonbuurt,Rembrandtpleinbuurt,1,1
Van Loonbuurt,Reguliersbuurt,1,1
Van Loonbuurt,Gouden Bocht,1,1
Van Loonbuurt,Amstelveldbuurt,1,1
Van Tuyllbuurt,Zuidas Noord,1,1
Van Tuyllbuurt,Olympisch Stadion e.o.,1,1
Van Tuyllbuurt,Marathonbuurt West,1,1
Veluwebuurt,Zorgvlied,1,1
Veluwebuurt,Vivaldi,1,1
Veluwebuurt,Rijnbuurt West,1,1
Veluwebuurt,Rijnbuurt Midden,1,1
Veluwebuurt,RAI,1,1
Veluwebuurt,Amstelpark,1,1
Venserpolder Oost,Venserpolder West,1,1
Venserpolder Oost,D-buurt,1,1
Venserpolder West,Venserpolder Oost,1,1
Venserpolder West,Hoofdcentrum Zuidoost,1,1
Venserpolder West,D-buurt,1,1
Venserpolder West,Amsterdamse Poort,1,1
Vervoerscentrum,Westhaven Noord,1,1
Vervoerscentrum,Teleport,1,1
Vervoerscentrum,Sloterdijk II,1,1
Vervoerscentrum,Sloterdijk I,1,1
Vervoerscentrum,Petroleumhaven,1,1
Vervoerscentrum,Coenhaven/Mercuriushaven,1,1
Vervoerscentrum,Alfa-driehoek,1,1
Vivaldi,Zuidas Noord,1,1
Vivaldi,Veluwebuurt,1,1
Vivaldi,RAI,1,1
Vivaldi,Gelderlandpleinbuurt,1,1
Vivaldi,De Klenckebuurt,1,1
Vivaldi,Amstelpark,1,1
Vliegenbos,Vogelbuurt Noord,1,1
Vogelbuurt Noord,Vliegenbos,1,1
Vogelbuurt Noord,Bloemenbuurt Noord,1,1
Vogelbuurt Zuid,Van der Pekbuurt,2,2
Vogelbuurt Zuid,Bloemenbuurt Zuid,2,2
Vogeltjeswei,G-buurt West,1,1
Vogeltjeswei,F-buurt,1,1
Vogeltjeswei,Bijlmerpark West,1,1
Vogeltjeswei,Bijlmerpark Oost,1,1
Vogeltjeswei,Amsterdamse Poort,1,1
Vondelparkbuurt Midden,WG terrein,1,1
Vondelparkbuurt Midden,Vondelpark West,1,1
Vondelparkbuurt Midden,Cremerbuurt West,1,1
Vondelparkbuurt Oost,Vondelpark Oost,2,2
Vondelparkbuurt Oost,Leidsebuurt Zuidwest,2,2
Vondelparkbuurt West,Surinamepleinbuurt,2,2
Vondelparkbuurt West,Schinkelbuurt Noord,2,2
Vondelparkbuurt West,Paramariboplein e.o.,2,2
Vondelpark Oost,Willemsparkbuurt Noord,2,2
Vondelpark Oost,Vondelparkbuurt Oost,2,2
Vondelpark Oost,Concertgebouwbuurt,2,2
Vondelpark West,Vondelparkbuurt Midden,1,1
Vondelpark West,Cornelis Schuytbuurt,1,1
VU-kwartier,Zuiderhof,1,1
VU-kwartier,Zuidas Noord,1,1
VU-kwartier,Gelderlandpleinbuurt,1,1
VU-kwartier,Buitenveldert West Midden,1,1
Walvisbuurt,Twiske West,1,1
Walvisbuurt,Oostzanerdijk,1,1
Walvisbuurt,Noorder IJplas,1,1
Walvisbuurt,Molenwijk,1,1
Waterloopleinbuurt,Valkenburg,2,2
Waterloopleinbuurt,Plantage,2,2
Weesperbuurt,Utrechtsebuurt Zuid,1,1
Weesperbuurt,Rembrandtpleinbuurt,1,1
Weesperbuurt,Frederikspleinbuurt,1,1
Weesperbuurt,Amstelveldbuurt,1,1
Weespertrekvaart,Drieburg,1,1
Weespertrekvaart,De Wetbuurt,1,1
Weespertrekvaart,De Omval,1,1
Weespertrekvaart,Betondorp,1,1
Weespertrekvaart,Amstel I Zuid,1,1
Weesperzijde Midden/Zuid,Willibrordusbuurt,1,1
Weesperzijde Midden/Zuid,Transvaalbuurt West,1,1
Weesperzijde Midden/Zuid,Swammerdambuurt,1,1
Weesperzijde Midden/Zuid,Parooldriehoek,1,1
Weesperzijde Midden/Zuid,Oosterparkbuurt Zuidwest,1,1
Weesperzijde Midden/Zuid,Oosterparkbuurt Noordwest,1,1
Weesperzijde Midden/Zuid,IJsselbuurt Oost,1,1
Weesperzijde Midden/Zuid,Diamantbuurt,1,1
Werengouw Midden,Werengouw Zuid,2,2
Werengouw Noord,Tuindorp Nieuwendam West,1,1
Werengouw Noord,Tuindorp Nieuwendam Oost,1,1
Werengouw Noord,Nieuwendam Noordwest Zuid,1,1
Werengouw Noord,Markengouw Noord,1,1
Werengouw Noord,Markengouw Midden,1,1
Werengouw Noord,Buikslotermeerpleinbuurt,1,1
Werengouw Zuid,Werengouw Midden,2,2
Werengouw Zuid,Nieuwendammerdijk Oost,2,2
Westelijke eilanden,Westerdokseiland,1,1
Westelijke eilanden,Houthavens Oost,1,1
Westelijke eilanden,Haarlemmerbuurt West,1,1
Westerdokseiland,Westelijke eilanden,1,1
Westerdokseiland,Stationsplein e.o.,1,1
Westerdokseiland,Overhoeks,1,1
Westerdokseiland,Houthavens Oost,1,1
Westerdokseiland,Haarlemmerbuurt West,1,1
Westergasfabriek,Westerstaatsman,2,2
Westergasfabriek,Planciusbuurt,2,2
Westergasfabriek,GWL-terrein,2,2
Westergasfabriek,Fannius Scholtenbuurt,2,2
Westerstaatsman,Westergasfabriek,2,2
Westerstaatsman,GWL-terrein,2,2
Westerstaatsman,Fannius Scholtenbuurt,2,2
Westerstaatsman,Buyskade e.o.,2,2
Westhaven Noord,Westhaven Zuid,1,1
Westhaven Noord,Vervoerscentrum,1,1
Westhaven Noord,Sloterdijk III West,1,1
Westhaven Noord,Sloterdijk III Oost,1,1
Westhaven Noord,Sloterdijk II,1,1
Westhaven Noord,Petroleumhaven,1,1
Westhaven Noord,Amerikahaven,1,1
Westhaven Zuid,Westhaven Noord,1,1
Westhaven Zuid,Sloterdijk III Oost,1,1
Westhaven Zuid,Sloterdijk II,1,1
Westlandgrachtbuurt,Rembrandtpark Zuid,1,1
Westlandgrachtbuurt,Delflandpleinbuurt Oost,1,1
Westlandgrachtbuurt,Andreasterrein,1,1
Weteringbuurt,Van Loonbuurt,1,1
Weteringbuurt,Utrechtsebuurt Zuid,1,1
Weteringbuurt,Spiegelbuurt,1,1
Weteringbuurt,Frederikspleinbuurt,1,1
Weteringbuurt,Amstelveldbuurt,1,1
WG terrein,Vondelparkbuurt Midden,1,1
WG terrein,Helmersbuurt Oost,1,1
WG terrein,Da Costabuurt Zuid,1,1
Wielingenbuurt,Scheldebuurt West,2,2
Wielingenbuurt,Lizzy Ansinghbuurt,2,2
Wielingenbuurt,Harmoniehofbuurt,2,2
Wielingenbuurt,Diepenbrockbuurt,2,2
Wielingenbuurt,Cornelis Troostbuurt,2,2
Wildeman,Osdorpplein e.o.,1,1
Wildeman,Osdorper Bovenpolder,1,1
Wildeman,Ookmeer,1,1
Wildeman,Meer en Oever,1,1
Willemsparkbuurt Noord,Vondelpark Oost,2,2
Willemsparkbuurt Noord,Schinkelbuurt Noord,2,2
Willibrordusbuurt,Weesperzijde Midden/Zuid,1,1
Willibrordusbuurt,Van der Helstpleinbuurt,1,1
Willibrordusbuurt,Swammerdambuurt,1,1
Willibrordusbuurt,Sarphatiparkbuurt,1,1
Willibrordusbuurt,Hemonybuurt,1,1
Willibrordusbuurt,Diamantbuurt,1,1
Willibrordusbuurt,Burgemeester Tellegenbuurt Oost,1,1
Wittenburg,Oostenburg,1,1
Wittenburg,Oostelijke Handelskade,1,1
Wittenburg,Kattenburg,1,1
Wittenburg,Kadijken,1,1
Zaagpoortbuurt,Marnixbuurt Noord,2,2
Zaagpoortbuurt,Frederik Hendrikbuurt Noord,2,2
Zaagpoortbuurt,Bloemgrachtbuurt,2,2
Zeeburgerdijk Oost,Noordoostkwadrant Indische buurt,2,2
Zeeburgereiland Noordoost,Zeeburgereiland Zuidwest,1,1
Zeeburgereiland Noordoost,Zeeburgereiland Zuidoost,1,1
Zeeburgereiland Noordoost,Zeeburgereiland Noordwest,1,1
Zeeburgereiland Noordoost,Steigereiland Zuid,1,1
Zeeburgereiland Noordoost,Steigereiland Noord,1,1
Zeeburgereiland Noordoost,Schellingwoude Oost,1,1
Zeeburgereiland Noordoost,Durgerdam,1,1
Zeeburgereiland Noordwest,Zeeburgereiland Zuidwest,1,1
Zeeburgereiland Noordwest,Zeeburgereiland Zuidoost,1,1
Zeeburgereiland Noordwest,Zeeburgereiland Noordoost,1,1
Zeeburgereiland Noordwest,Sporenburg,1,1
Zeeburgereiland Noordwest,Schellingwoude West,1,1
Zeeburgereiland Noordwest,Schellingwoude Oost,1,1
Zeeburgereiland Noordwest,KNSM-eiland,1,1
Zeeburgereiland Noordwest,Bedrijvengebied Cruquiusweg,1,1
Zeeburgereiland Zuidoost,Zeeburgereiland Zuidwest,1,1
Zeeburgereiland Zuidoost,Zeeburgereiland Noordwest,1,1
Zeeburgereiland Zuidoost,Zeeburgereiland Noordoost,1,1
Zeeburgereiland Zuidoost,Steigereiland Zuid,1,1
Zeeburgereiland Zuidoost,Steigereiland Noord,1,1
Zeeburgereiland Zuidoost,Nieuwe Diep/Diemerpark,1,1
Zeeburgereiland Zuidwest,Zeeburgereiland Zuidoost,1,1
Zeeburgereiland Zuidwest,Zeeburgereiland Noordwest,1,1
Zeeburgereiland Zuidwest,Zeeburgereiland Noordoost,1,1
Zeeburgereiland Zuidwest,Sporenburg,1,1
Zeeburgereiland Zuidwest,Nieuwe Diep/Diemerpark,1,1
Zeeburgereiland Zuidwest,Flevopark,1,1
Zeeburgereiland Zuidwest,Bedrijvengebied Cruquiusweg,1,1
Zeeheldenbuurt,Planciusbuurt,2,2
Zorgvlied,Veluwebuurt,1,1
Zorgvlied,Rijnbuurt Midden,1,1
Zorgvlied,Overamstel,1,1
Zorgvlied,Amstelpark,1,1
Zorgvlied,Amstelglorie,1,1
Zuidas Noord,Zuiderhof,1,1
Zuidas Noord,VU-kwartier,1,1
Zuidas Noord,Vivaldi,1,1
Zuidas Noord,Van Tuyllbuurt,1,1
Zuidas Noord,RAI,1,1
Zuidas Noord,Olympisch Stadion e.o.,1,1
Zuidas Noord,Beatrixpark,1,1
Zuiderhof,Zuidas Noord,1,1
Zuiderhof,VU-kwartier,1,1
Zuiderhof,Buitenveldert West Midden,1,1
Zuiderhof,Amsterdamse Bos,1,1
Zuidoostkwadrant Indische buurt,Zuidwestkadrant Indische buurt,1,1
Zuidoostkwadrant Indische buurt,Science  Park Noord,1,1
Zuidoostkwadrant Indische buurt,Noordwestkwadrant Indische buurt Zuid,1,1
Zuidoostkwadrant Indische buurt,Flevopark,1,1
Zuidwestkadrant Indische buurt,Zuidoostkwadrant Indische buurt,1,1
Zuidwestkadrant Indische buurt,Science  Park Noord,1,1
Zuidwestkadrant Indische buurt,Polderweggebied,1,1
Zuidwestkadrant Indische buurt,Noordwestkwadrant Indische buurt Zuid,1,1
Zuidwestkwadrant Osdorp Noord,Zuidwestkwadrant Osdorp Zuid,2,2
Zuidwestkwadrant Osdorp Noord,Osdorp Midden Zuid,2,2
Zuidwestkwadrant Osdorp Zuid,Zuidwestkwadrant Osdorp Noord,2,2
Zuidwestkwadrant Osdorp Zuid,Dorp Sloten,2,2
Zunderdorp,Zwarte Gouw,1,1
Zunderdorp,Holysloot,1,1
Zunderdorp,De Weeren,1,1
Zunderdorp,Buikslotermeer Noord,1,1
Zwarte Gouw,Zunderdorp,1,1
Zwarte Gouw,Schellingwoude Oost,1,1
Zwarte Gouw,Schellingwoude Noord,1,1
Zwarte Gouw,Ransdorp,1,1
Zwarte Gouw,Holysloot,1,1
Zwarte Gouw,Durgerdam,1,1
Zwarte Gouw,De Weeren,1,1
